[{"fields": {"app_label": "admin", "model": "logentry"}, "pk": 1, "model": "contenttypes.contenttype"}, {"fields": {"app_label": "auth", "model": "permission"}, "pk": 2, "model": "contenttypes.contenttype"}, {"fields": {"app_label": "auth", "model": "group"}, "pk": 3, "model": "contenttypes.contenttype"}, {"fields": {"app_label": "auth", "model": "user"}, "pk": 4, "model": "contenttypes.contenttype"}, {"fields": {"app_label": "contenttypes", "model": "contenttype"}, "pk": 5, "model": "contenttypes.contenttype"}, {"fields": {"app_label": "sessions", "model": "session"}, "pk": 6, "model": "contenttypes.contenttype"}, {"fields": {"app_label": "sites", "model": "site"}, "pk": 7, "model": "contenttypes.contenttype"}, {"fields": {"app_label": "website", "model": "secteur"}, "pk": 8, "model": "contenttypes.contenttype"}, {"fields": {"app_label": "website", "model": "section"}, "pk": 9, "model": "contenttypes.contenttype"}, {"fields": {"app_label": "website", "model": "categorie"}, "pk": 10, "model": "contenttypes.contenttype"}, {"fields": {"app_label": "website", "model": "service"}, "pk": 11, "model": "contenttypes.contenttype"}, {"fields": {"app_label": "website", "model": "software"}, "pk": 12, "model": "contenttypes.contenttype"}, {"fields": {"app_label": "website", "model": "formation"}, "pk": 13, "model": "contenttypes.contenttype"}, {"fields": {"app_label": "website", "model": "catformation"}, "pk": 14, "model": "contenttypes.contenttype"}, {"fields": {"app_label": "easy_thumbnails", "model": "source"}, "pk": 15, "model": "contenttypes.contenttype"}, {"fields": {"app_label": "easy_thumbnails", "model": "thumbnail"}, "pk": 16, "model": "contenttypes.contenttype"}, {"fields": {"app_label": "easy_thumbnails", "model": "thumbnaildimensions"}, "pk": 17, "model": "contenttypes.contenttype"}, {"fields": {"app_label": "filer", "model": "folder"}, "pk": 18, "model": "contenttypes.contenttype"}, {"fields": {"app_label": "filer", "model": "folderpermission"}, "pk": 19, "model": "contenttypes.contenttype"}, {"fields": {"app_label": "filer", "model": "file"}, "pk": 20, "model": "contenttypes.contenttype"}, {"fields": {"app_label": "filer", "model": "clipboard"}, "pk": 21, "model": "contenttypes.contenttype"}, {"fields": {"app_label": "filer", "model": "clipboarditem"}, "pk": 22, "model": "contenttypes.contenttype"}, {"fields": {"app_label": "filer", "model": "image"}, "pk": 23, "model": "contenttypes.contenttype"}, {"fields": {"app_label": "website", "model": "reference"}, "pk": 24, "model": "contenttypes.contenttype"}, {"fields": {"expire_date": "2016-10-27T10:33:52.928Z", "session_data": "ZDBhZWFmYWM5MDAwYTI1MjJlNzU4MTM0YTViM2RjZjdmMWZiYTYwYjp7ImZpbGVyX2xhc3RfZm9sZGVyX2lkIjoiMSIsIl9hdXRoX3VzZXJfaWQiOiIxIiwiX2F1dGhfdXNlcl9iYWNrZW5kIjoiZGphbmdvLmNvbnRyaWIuYXV0aC5iYWNrZW5kcy5Nb2RlbEJhY2tlbmQiLCJfYXV0aF91c2VyX2hhc2giOiI5ZDI0OGFhZjU3OGY5ZTI4ZDljZWQwY2NjMTQxMjljZjM5ZTY1NTc3In0="}, "pk": "z8exwxc5g3w8t2pg14de0czr2y4q9w0t", "model": "sessions.session"}, {"fields": {"name": "example.com", "domain": "example.com"}, "pk": 1, "model": "sites.site"}, {"fields": {"modified": "2016-10-13T10:31:05.676Z", "name": "filer_public/d5/46/d546e358-061b-4d6b-8511-d47850fd8cbb/openstreetmap_icon.png", "storage_hash": "f9bde26a1556cd667f742bd34ec7c55e"}, "pk": 1, "model": "easy_thumbnails.source"}, {"fields": {"modified": "2016-10-13T10:33:50.561Z", "name": "filer_public/cc/93/cc930a9f-e7f3-4ed4-a9d7-37659ac806ba/qgis.png", "storage_hash": "f9bde26a1556cd667f742bd34ec7c55e"}, "pk": 2, "model": "easy_thumbnails.source"}, {"fields": {"source": 1, "modified": "2016-10-13T10:31:05.700Z", "name": "filer_public_thumbnails/filer_public/d5/46/d546e358-061b-4d6b-8511-d47850fd8cbb/openstreetmap_icon.png__32x32_q85_crop_subsampling-2_upscale.png", "storage_hash": "f9bde26a1556cd667f742bd34ec7c55e"}, "pk": 1, "model": "easy_thumbnails.thumbnail"}, {"fields": {"source": 1, "modified": "2016-10-13T10:31:05.846Z", "name": "filer_public_thumbnails/filer_public/d5/46/d546e358-061b-4d6b-8511-d47850fd8cbb/openstreetmap_icon.png__32x32_q85_crop_subsampling-2_upscale@2x.png", "storage_hash": "f9bde26a1556cd667f742bd34ec7c55e"}, "pk": 2, "model": "easy_thumbnails.thumbnail"}, {"fields": {"source": 1, "modified": "2016-10-13T10:31:05.943Z", "name": "filer_public_thumbnails/filer_public/d5/46/d546e358-061b-4d6b-8511-d47850fd8cbb/openstreetmap_icon.png__16x16_q85_crop_subsampling-2_upscale.png", "storage_hash": "f9bde26a1556cd667f742bd34ec7c55e"}, "pk": 3, "model": "easy_thumbnails.thumbnail"}, {"fields": {"source": 1, "modified": "2016-10-13T10:31:06.030Z", "name": "filer_public_thumbnails/filer_public/d5/46/d546e358-061b-4d6b-8511-d47850fd8cbb/openstreetmap_icon.png__16x16_q85_crop_subsampling-2_upscale@2x.png", "storage_hash": "f9bde26a1556cd667f742bd34ec7c55e"}, "pk": 4, "model": "easy_thumbnails.thumbnail"}, {"fields": {"source": 1, "modified": "2016-10-13T10:31:06.285Z", "name": "filer_public_thumbnails/filer_public/d5/46/d546e358-061b-4d6b-8511-d47850fd8cbb/openstreetmap_icon.png__64x64_q85_crop_subsampling-2_upscale.png", "storage_hash": "f9bde26a1556cd667f742bd34ec7c55e"}, "pk": 5, "model": "easy_thumbnails.thumbnail"}, {"fields": {"source": 1, "modified": "2016-10-13T10:31:06.544Z", "name": "filer_public_thumbnails/filer_public/d5/46/d546e358-061b-4d6b-8511-d47850fd8cbb/openstreetmap_icon.png__64x64_q85_crop_subsampling-2_upscale@2x.png", "storage_hash": "f9bde26a1556cd667f742bd34ec7c55e"}, "pk": 6, "model": "easy_thumbnails.thumbnail"}, {"fields": {"source": 1, "modified": "2016-10-13T10:31:06.674Z", "name": "filer_public_thumbnails/filer_public/d5/46/d546e358-061b-4d6b-8511-d47850fd8cbb/openstreetmap_icon.png__48x48_q85_crop_subsampling-2_upscale.png", "storage_hash": "f9bde26a1556cd667f742bd34ec7c55e"}, "pk": 7, "model": "easy_thumbnails.thumbnail"}, {"fields": {"source": 1, "modified": "2016-10-13T10:31:06.786Z", "name": "filer_public_thumbnails/filer_public/d5/46/d546e358-061b-4d6b-8511-d47850fd8cbb/openstreetmap_icon.png__48x48_q85_crop_subsampling-2_upscale@2x.png", "storage_hash": "f9bde26a1556cd667f742bd34ec7c55e"}, "pk": 8, "model": "easy_thumbnails.thumbnail"}, {"fields": {"source": 1, "modified": "2016-10-13T10:31:06.953Z", "name": "filer_public_thumbnails/filer_public/d5/46/d546e358-061b-4d6b-8511-d47850fd8cbb/openstreetmap_icon.png__180x180_q85_crop_subsampling-2_upscale.png", "storage_hash": "f9bde26a1556cd667f742bd34ec7c55e"}, "pk": 9, "model": "easy_thumbnails.thumbnail"}, {"fields": {"source": 1, "modified": "2016-10-13T10:31:07.359Z", "name": "filer_public_thumbnails/filer_public/d5/46/d546e358-061b-4d6b-8511-d47850fd8cbb/openstreetmap_icon.png__180x180_q85_crop_subsampling-2_upscale@2x.png", "storage_hash": "f9bde26a1556cd667f742bd34ec7c55e"}, "pk": 10, "model": "easy_thumbnails.thumbnail"}, {"fields": {"source": 2, "modified": "2016-10-13T10:33:50.591Z", "name": "filer_public_thumbnails/filer_public/cc/93/cc930a9f-e7f3-4ed4-a9d7-37659ac806ba/qgis.png__32x32_q85_crop_subsampling-2_upscale.png", "storage_hash": "f9bde26a1556cd667f742bd34ec7c55e"}, "pk": 11, "model": "easy_thumbnails.thumbnail"}, {"fields": {"source": 2, "modified": "2016-10-13T10:33:50.747Z", "name": "filer_public_thumbnails/filer_public/cc/93/cc930a9f-e7f3-4ed4-a9d7-37659ac806ba/qgis.png__32x32_q85_crop_subsampling-2_upscale@2x.png", "storage_hash": "f9bde26a1556cd667f742bd34ec7c55e"}, "pk": 12, "model": "easy_thumbnails.thumbnail"}, {"fields": {"source": 2, "modified": "2016-10-13T10:33:50.863Z", "name": "filer_public_thumbnails/filer_public/cc/93/cc930a9f-e7f3-4ed4-a9d7-37659ac806ba/qgis.png__16x16_q85_crop_subsampling-2_upscale.png", "storage_hash": "f9bde26a1556cd667f742bd34ec7c55e"}, "pk": 13, "model": "easy_thumbnails.thumbnail"}, {"fields": {"source": 2, "modified": "2016-10-13T10:33:50.976Z", "name": "filer_public_thumbnails/filer_public/cc/93/cc930a9f-e7f3-4ed4-a9d7-37659ac806ba/qgis.png__16x16_q85_crop_subsampling-2_upscale@2x.png", "storage_hash": "f9bde26a1556cd667f742bd34ec7c55e"}, "pk": 14, "model": "easy_thumbnails.thumbnail"}, {"fields": {"source": 2, "modified": "2016-10-13T10:33:51.099Z", "name": "filer_public_thumbnails/filer_public/cc/93/cc930a9f-e7f3-4ed4-a9d7-37659ac806ba/qgis.png__64x64_q85_crop_subsampling-2_upscale.png", "storage_hash": "f9bde26a1556cd667f742bd34ec7c55e"}, "pk": 15, "model": "easy_thumbnails.thumbnail"}, {"fields": {"source": 2, "modified": "2016-10-13T10:33:51.442Z", "name": "filer_public_thumbnails/filer_public/cc/93/cc930a9f-e7f3-4ed4-a9d7-37659ac806ba/qgis.png__64x64_q85_crop_subsampling-2_upscale@2x.png", "storage_hash": "f9bde26a1556cd667f742bd34ec7c55e"}, "pk": 16, "model": "easy_thumbnails.thumbnail"}, {"fields": {"source": 2, "modified": "2016-10-13T10:33:51.617Z", "name": "filer_public_thumbnails/filer_public/cc/93/cc930a9f-e7f3-4ed4-a9d7-37659ac806ba/qgis.png__48x48_q85_crop_subsampling-2_upscale.png", "storage_hash": "f9bde26a1556cd667f742bd34ec7c55e"}, "pk": 17, "model": "easy_thumbnails.thumbnail"}, {"fields": {"source": 2, "modified": "2016-10-13T10:33:51.808Z", "name": "filer_public_thumbnails/filer_public/cc/93/cc930a9f-e7f3-4ed4-a9d7-37659ac806ba/qgis.png__48x48_q85_crop_subsampling-2_upscale@2x.png", "storage_hash": "f9bde26a1556cd667f742bd34ec7c55e"}, "pk": 18, "model": "easy_thumbnails.thumbnail"}, {"fields": {"source": 2, "modified": "2016-10-13T10:33:52.077Z", "name": "filer_public_thumbnails/filer_public/cc/93/cc930a9f-e7f3-4ed4-a9d7-37659ac806ba/qgis.png__180x180_q85_crop_subsampling-2_upscale.png", "storage_hash": "f9bde26a1556cd667f742bd34ec7c55e"}, "pk": 19, "model": "easy_thumbnails.thumbnail"}, {"fields": {"source": 2, "modified": "2016-10-13T10:33:52.487Z", "name": "filer_public_thumbnails/filer_public/cc/93/cc930a9f-e7f3-4ed4-a9d7-37659ac806ba/qgis.png__180x180_q85_crop_subsampling-2_upscale@2x.png", "storage_hash": "f9bde26a1556cd667f742bd34ec7c55e"}, "pk": 20, "model": "easy_thumbnails.thumbnail"}, {"fields": {"nom_secteur": "Foresterie", "css_class": null, "actif": true}, "pk": 1, "model": "website.secteur"}, {"fields": {"nom_secteur": "Agriculture", "css_class": null, "actif": true}, "pk": 2, "model": "website.secteur"}, {"fields": {"nom_secteur": "Environnement", "css_class": null, "actif": true}, "pk": 3, "model": "website.secteur"}, {"fields": {"nom_secteur": "Arch\u00e9ologie", "css_class": null, "actif": true}, "pk": 4, "model": "website.secteur"}, {"fields": {"nom_secteur": "Collectivit\u00e9", "css_class": "", "actif": true}, "pk": 5, "model": "website.secteur"}, {"fields": {"nom_secteur": "Tourisme", "css_class": "", "actif": false}, "pk": 6, "model": "website.secteur"}, {"fields": {"nom_section": "Services", "level": "navbar-top", "css_datacategory": "products", "actif": true, "css_ahref_class": "", "css_div_class": "dropdown inline fl contain", "css_icon": ""}, "pk": 1, "model": "website.section"}, {"fields": {"nom_section": "Secteurs", "level": "navbar-top", "css_datacategory": "use-cases", "actif": true, "css_ahref_class": "", "css_div_class": "dropdown inline fl contain", "css_icon": ""}, "pk": 2, "model": "website.section"}, {"fields": {"nom_section": "Assistance & support", "level": "navbar-top", "css_datacategory": "help", "actif": true, "css_ahref_class": "", "css_div_class": "dropdown inline fl contain", "css_icon": ""}, "pk": 3, "model": "website.section"}, {"fields": {"nom_section": "Blog", "level": "navbar-top", "css_datacategory": "aucun", "actif": true, "css_ahref_class": "quiet", "css_div_class": "inline fl", "css_icon": ""}, "pk": 4, "model": "website.section"}, {"fields": {"actif": true, "css_class": "", "nom_categorie": "Accompagnement", "level": 1}, "pk": 1, "model": "website.categorie"}, {"fields": {"actif": true, "css_class": "", "nom_categorie": "M\u00e9thodes et outils", "level": 2}, "pk": 2, "model": "website.categorie"}, {"fields": {"actif": true, "css_class": "", "nom_categorie": "Donn\u00e9es", "level": 3}, "pk": 3, "model": "website.categorie"}, {"fields": {"description": "", "categorie_service": 1, "pitch": "", "css_class": "", "nom_service": "Formation", "css_icon": "plus-document", "actif": true}, "pk": 1, "model": "website.service"}, {"fields": {"description": "", "categorie_service": 1, "pitch": "", "css_class": "", "nom_service": "Conseil", "css_icon": "compass", "actif": true}, "pk": 2, "model": "website.service"}, {"fields": {"description": "", "categorie_service": 1, "pitch": "", "css_class": "", "nom_service": "Maintenance", "css_icon": "bug", "actif": true}, "pk": 3, "model": "website.service"}, {"fields": {"description": "", "categorie_service": 2, "pitch": "", "css_class": "", "nom_service": "Cartographie sp\u00e9cialis\u00e9e", "css_icon": "map", "actif": true}, "pk": 4, "model": "website.service"}, {"fields": {"description": "", "categorie_service": 2, "pitch": "", "css_class": "", "nom_service": "S.I.G.", "css_icon": "layers", "actif": true}, "pk": 5, "model": "website.service"}, {"fields": {"description": "", "categorie_service": 2, "pitch": "", "css_class": "", "nom_service": "T\u00e9l\u00e9d\u00e9tection", "css_icon": "grid", "actif": true}, "pk": 6, "model": "website.service"}, {"fields": {"description": "", "categorie_service": 2, "pitch": "", "css_class": "", "nom_service": "Programmation", "css_icon": "coding", "actif": true}, "pk": 7, "model": "website.service"}, {"fields": {"description": "", "categorie_service": 2, "pitch": "", "css_class": "", "nom_service": "Analyse spatiale", "css_icon": "analytics", "actif": true}, "pk": 8, "model": "website.service"}, {"fields": {"description": "", "categorie_service": 3, "pitch": "", "css_class": "", "nom_service": "Orthophoto", "css_icon": "tileset", "actif": true}, "pk": 9, "model": "website.service"}, {"fields": {"description": "", "categorie_service": 3, "pitch": "", "css_class": "", "nom_service": "DataPack", "css_icon": "data", "actif": true}, "pk": 11, "model": "website.service"}, {"fields": {"description": "", "categorie_service": 2, "pitch": "", "css_class": "", "nom_service": "Catalogue", "css_icon": "globe", "actif": true}, "pk": 12, "model": "website.service"}, {"fields": {"description": "", "categorie_service": 3, "pitch": "", "css_class": "", "nom_service": "Lev\u00e9 terrain", "css_icon": "marker", "actif": true}, "pk": 13, "model": "website.service"}, {"fields": {"description": "", "image": 2, "css_class": "", "nom_soft": "Qgis", "pitch": "", "css_icon": ""}, "pk": 1, "model": "website.software"}, {"fields": {"name": "Can add log entry", "codename": "add_logentry", "content_type": 1}, "pk": 1, "model": "auth.permission"}, {"fields": {"name": "Can change log entry", "codename": "change_logentry", "content_type": 1}, "pk": 2, "model": "auth.permission"}, {"fields": {"name": "Can delete log entry", "codename": "delete_logentry", "content_type": 1}, "pk": 3, "model": "auth.permission"}, {"fields": {"name": "Can add permission", "codename": "add_permission", "content_type": 2}, "pk": 4, "model": "auth.permission"}, {"fields": {"name": "Can change permission", "codename": "change_permission", "content_type": 2}, "pk": 5, "model": "auth.permission"}, {"fields": {"name": "Can delete permission", "codename": "delete_permission", "content_type": 2}, "pk": 6, "model": "auth.permission"}, {"fields": {"name": "Can add group", "codename": "add_group", "content_type": 3}, "pk": 7, "model": "auth.permission"}, {"fields": {"name": "Can change group", "codename": "change_group", "content_type": 3}, "pk": 8, "model": "auth.permission"}, {"fields": {"name": "Can delete group", "codename": "delete_group", "content_type": 3}, "pk": 9, "model": "auth.permission"}, {"fields": {"name": "Can add user", "codename": "add_user", "content_type": 4}, "pk": 10, "model": "auth.permission"}, {"fields": {"name": "Can change user", "codename": "change_user", "content_type": 4}, "pk": 11, "model": "auth.permission"}, {"fields": {"name": "Can delete user", "codename": "delete_user", "content_type": 4}, "pk": 12, "model": "auth.permission"}, {"fields": {"name": "Can add content type", "codename": "add_contenttype", "content_type": 5}, "pk": 13, "model": "auth.permission"}, {"fields": {"name": "Can change content type", "codename": "change_contenttype", "content_type": 5}, "pk": 14, "model": "auth.permission"}, {"fields": {"name": "Can delete content type", "codename": "delete_contenttype", "content_type": 5}, "pk": 15, "model": "auth.permission"}, {"fields": {"name": "Can add session", "codename": "add_session", "content_type": 6}, "pk": 16, "model": "auth.permission"}, {"fields": {"name": "Can change session", "codename": "change_session", "content_type": 6}, "pk": 17, "model": "auth.permission"}, {"fields": {"name": "Can delete session", "codename": "delete_session", "content_type": 6}, "pk": 18, "model": "auth.permission"}, {"fields": {"name": "Can add site", "codename": "add_site", "content_type": 7}, "pk": 19, "model": "auth.permission"}, {"fields": {"name": "Can change site", "codename": "change_site", "content_type": 7}, "pk": 20, "model": "auth.permission"}, {"fields": {"name": "Can delete site", "codename": "delete_site", "content_type": 7}, "pk": 21, "model": "auth.permission"}, {"fields": {"name": "Can add secteur", "codename": "add_secteur", "content_type": 8}, "pk": 22, "model": "auth.permission"}, {"fields": {"name": "Can change secteur", "codename": "change_secteur", "content_type": 8}, "pk": 23, "model": "auth.permission"}, {"fields": {"name": "Can delete secteur", "codename": "delete_secteur", "content_type": 8}, "pk": 24, "model": "auth.permission"}, {"fields": {"name": "Can add section", "codename": "add_section", "content_type": 9}, "pk": 25, "model": "auth.permission"}, {"fields": {"name": "Can change section", "codename": "change_section", "content_type": 9}, "pk": 26, "model": "auth.permission"}, {"fields": {"name": "Can delete section", "codename": "delete_section", "content_type": 9}, "pk": 27, "model": "auth.permission"}, {"fields": {"name": "Can add categorie", "codename": "add_categorie", "content_type": 10}, "pk": 28, "model": "auth.permission"}, {"fields": {"name": "Can change categorie", "codename": "change_categorie", "content_type": 10}, "pk": 29, "model": "auth.permission"}, {"fields": {"name": "Can delete categorie", "codename": "delete_categorie", "content_type": 10}, "pk": 30, "model": "auth.permission"}, {"fields": {"name": "Can add service", "codename": "add_service", "content_type": 11}, "pk": 31, "model": "auth.permission"}, {"fields": {"name": "Can change service", "codename": "change_service", "content_type": 11}, "pk": 32, "model": "auth.permission"}, {"fields": {"name": "Can delete service", "codename": "delete_service", "content_type": 11}, "pk": 33, "model": "auth.permission"}, {"fields": {"name": "Can add software", "codename": "add_software", "content_type": 12}, "pk": 34, "model": "auth.permission"}, {"fields": {"name": "Can change software", "codename": "change_software", "content_type": 12}, "pk": 35, "model": "auth.permission"}, {"fields": {"name": "Can delete software", "codename": "delete_software", "content_type": 12}, "pk": 36, "model": "auth.permission"}, {"fields": {"name": "Can add formation", "codename": "add_formation", "content_type": 13}, "pk": 37, "model": "auth.permission"}, {"fields": {"name": "Can change formation", "codename": "change_formation", "content_type": 13}, "pk": 38, "model": "auth.permission"}, {"fields": {"name": "Can delete formation", "codename": "delete_formation", "content_type": 13}, "pk": 39, "model": "auth.permission"}, {"fields": {"name": "Can add cat formation", "codename": "add_catformation", "content_type": 14}, "pk": 40, "model": "auth.permission"}, {"fields": {"name": "Can change cat formation", "codename": "change_catformation", "content_type": 14}, "pk": 41, "model": "auth.permission"}, {"fields": {"name": "Can delete cat formation", "codename": "delete_catformation", "content_type": 14}, "pk": 42, "model": "auth.permission"}, {"fields": {"name": "Can add source", "codename": "add_source", "content_type": 15}, "pk": 43, "model": "auth.permission"}, {"fields": {"name": "Can change source", "codename": "change_source", "content_type": 15}, "pk": 44, "model": "auth.permission"}, {"fields": {"name": "Can delete source", "codename": "delete_source", "content_type": 15}, "pk": 45, "model": "auth.permission"}, {"fields": {"name": "Can add thumbnail", "codename": "add_thumbnail", "content_type": 16}, "pk": 46, "model": "auth.permission"}, {"fields": {"name": "Can change thumbnail", "codename": "change_thumbnail", "content_type": 16}, "pk": 47, "model": "auth.permission"}, {"fields": {"name": "Can delete thumbnail", "codename": "delete_thumbnail", "content_type": 16}, "pk": 48, "model": "auth.permission"}, {"fields": {"name": "Can add thumbnail dimensions", "codename": "add_thumbnaildimensions", "content_type": 17}, "pk": 49, "model": "auth.permission"}, {"fields": {"name": "Can change thumbnail dimensions", "codename": "change_thumbnaildimensions", "content_type": 17}, "pk": 50, "model": "auth.permission"}, {"fields": {"name": "Can delete thumbnail dimensions", "codename": "delete_thumbnaildimensions", "content_type": 17}, "pk": 51, "model": "auth.permission"}, {"fields": {"name": "Can add Folder", "codename": "add_folder", "content_type": 18}, "pk": 52, "model": "auth.permission"}, {"fields": {"name": "Can change Folder", "codename": "change_folder", "content_type": 18}, "pk": 53, "model": "auth.permission"}, {"fields": {"name": "Can delete Folder", "codename": "delete_folder", "content_type": 18}, "pk": 54, "model": "auth.permission"}, {"fields": {"name": "Can use directory listing", "codename": "can_use_directory_listing", "content_type": 18}, "pk": 55, "model": "auth.permission"}, {"fields": {"name": "Can add folder permission", "codename": "add_folderpermission", "content_type": 19}, "pk": 56, "model": "auth.permission"}, {"fields": {"name": "Can change folder permission", "codename": "change_folderpermission", "content_type": 19}, "pk": 57, "model": "auth.permission"}, {"fields": {"name": "Can delete folder permission", "codename": "delete_folderpermission", "content_type": 19}, "pk": 58, "model": "auth.permission"}, {"fields": {"name": "Can add file", "codename": "add_file", "content_type": 20}, "pk": 59, "model": "auth.permission"}, {"fields": {"name": "Can change file", "codename": "change_file", "content_type": 20}, "pk": 60, "model": "auth.permission"}, {"fields": {"name": "Can delete file", "codename": "delete_file", "content_type": 20}, "pk": 61, "model": "auth.permission"}, {"fields": {"name": "Can add clipboard", "codename": "add_clipboard", "content_type": 21}, "pk": 62, "model": "auth.permission"}, {"fields": {"name": "Can change clipboard", "codename": "change_clipboard", "content_type": 21}, "pk": 63, "model": "auth.permission"}, {"fields": {"name": "Can delete clipboard", "codename": "delete_clipboard", "content_type": 21}, "pk": 64, "model": "auth.permission"}, {"fields": {"name": "Can add clipboard item", "codename": "add_clipboarditem", "content_type": 22}, "pk": 65, "model": "auth.permission"}, {"fields": {"name": "Can change clipboard item", "codename": "change_clipboarditem", "content_type": 22}, "pk": 66, "model": "auth.permission"}, {"fields": {"name": "Can delete clipboard item", "codename": "delete_clipboarditem", "content_type": 22}, "pk": 67, "model": "auth.permission"}, {"fields": {"name": "Can add image", "codename": "add_image", "content_type": 23}, "pk": 68, "model": "auth.permission"}, {"fields": {"name": "Can change image", "codename": "change_image", "content_type": 23}, "pk": 69, "model": "auth.permission"}, {"fields": {"name": "Can delete image", "codename": "delete_image", "content_type": 23}, "pk": 70, "model": "auth.permission"}, {"fields": {"name": "Can add reference", "codename": "add_reference", "content_type": 24}, "pk": 71, "model": "auth.permission"}, {"fields": {"name": "Can change reference", "codename": "change_reference", "content_type": 24}, "pk": 72, "model": "auth.permission"}, {"fields": {"name": "Can delete reference", "codename": "delete_reference", "content_type": 24}, "pk": 73, "model": "auth.permission"}, {"fields": {"first_name": "", "username": "yogis", "date_joined": "2016-10-05T15:54:46.603Z", "is_active": true, "last_login": "2016-10-05T16:00:16.783Z", "is_superuser": true, "email": "", "is_staff": true, "password": "pbkdf2_sha256$20000$7bbtRAwkXQDo$GGA9bp/N1HGrs4UuBkubHas6KqMCpAwkPZ87GI+3YGM=", "last_name": "", "groups": [], "user_permissions": []}, "pk": 1, "model": "auth.user"}, {"fields": {"uploaded_at": "2016-10-13T10:30:16.763Z", "level": 0, "parent": null, "created_at": "2016-10-13T10:30:16.763Z", "modified_at": "2016-10-13T10:30:16.763Z", "tree_id": 1, "name": "software", "lft": 1, "owner": 1, "rght": 2}, "pk": 1, "model": "filer.folder"}, {"fields": {"polymorphic_ctype": 23, "file": "filer_public/d5/46/d546e358-061b-4d6b-8511-d47850fd8cbb/openstreetmap_icon.png", "has_all_mandatory_data": false, "description": null, "_file_size": 187910, "original_filename": "OpenStreetMap_Icon.png", "modified_at": "2016-10-13T10:31:05.341Z", "is_public": true, "sha1": "a3193c8bb265f825a09e175d2cf19ce6ed188825", "name": "", "folder": 1, "owner": 1, "uploaded_at": "2016-10-13T10:31:05.341Z"}, "pk": 1, "model": "filer.file"}, {"fields": {"polymorphic_ctype": 23, "file": "filer_public/cc/93/cc930a9f-e7f3-4ed4-a9d7-37659ac806ba/qgis.png", "has_all_mandatory_data": false, "description": null, "_file_size": 177444, "original_filename": "qgis.png", "modified_at": "2016-10-13T10:33:50.408Z", "is_public": true, "sha1": "2b2b36c36483574483a8f22ceaa14793fb512512", "name": "", "folder": 1, "owner": 1, "uploaded_at": "2016-10-13T10:33:50.408Z"}, "pk": 2, "model": "filer.file"}, {"fields": {"user": 1}, "pk": 1, "model": "filer.clipboard"}, {"fields": {"_width": 512, "default_alt_text": null, "subject_location": null, "must_always_publish_copyright": false, "author": null, "default_caption": null, "date_taken": "2016-10-13T10:31:04.978Z", "must_always_publish_author_credit": false, "_height": 512}, "pk": 1, "model": "filer.image"}, {"fields": {"_width": 452, "default_alt_text": null, "subject_location": null, "must_always_publish_copyright": false, "author": null, "default_caption": null, "date_taken": "2016-10-13T10:33:50.378Z", "must_always_publish_author_credit": false, "_height": 452}, "pk": 2, "model": "filer.image"}, {"fields": {"user": 1, "action_time": "2016-10-13T10:34:03.415Z", "action_flag": 1, "change_message": "", "object_repr": "Qgis", "object_id": "1", "content_type": 12}, "pk": 1, "model": "admin.logentry"}, {"fields": {"user": 1, "action_time": "2016-10-13T15:13:26.930Z", "action_flag": 2, "change_message": "Changed level and css_datacategory.", "object_repr": "Secteurs", "object_id": "2", "content_type": 9}, "pk": 2, "model": "admin.logentry"}, {"fields": {"user": 1, "action_time": "2016-10-13T15:14:05.194Z", "action_flag": 2, "change_message": "Changed css_datacategory.", "object_repr": "Secteurs", "object_id": "2", "content_type": 9}, "pk": 3, "model": "admin.logentry"}, {"fields": {"user": 1, "action_time": "2016-10-13T15:15:57.812Z", "action_flag": 2, "change_message": "Changed level and css_datacategory.", "object_repr": "Services", "object_id": "1", "content_type": 9}, "pk": 4, "model": "admin.logentry"}, {"fields": {"user": 1, "action_time": "2016-10-13T15:19:29.822Z", "action_flag": 2, "change_message": "Changed nom_section, level, css_div_class and css_datacategory.", "object_repr": "Assistances", "object_id": "3", "content_type": 9}, "pk": 5, "model": "admin.logentry"}, {"fields": {"user": 1, "action_time": "2016-10-13T15:19:53.363Z", "action_flag": 2, "change_message": "Changed level, css_div_class and css_datacategory.", "object_repr": "Blog", "object_id": "4", "content_type": 9}, "pk": 6, "model": "admin.logentry"}, {"fields": {"user": 1, "action_time": "2016-10-13T15:20:03.235Z", "action_flag": 2, "change_message": "Changed css_div_class.", "object_repr": "Secteurs", "object_id": "2", "content_type": 9}, "pk": 7, "model": "admin.logentry"}, {"fields": {"user": 1, "action_time": "2016-10-13T15:20:10.160Z", "action_flag": 2, "change_message": "Changed css_div_class.", "object_repr": "Services", "object_id": "1", "content_type": 9}, "pk": 8, "model": "admin.logentry"}, {"fields": {"user": 1, "action_time": "2016-10-13T15:21:54.831Z", "action_flag": 2, "change_message": "Changed css_datacategory.", "object_repr": "Blog", "object_id": "4", "content_type": 9}, "pk": 9, "model": "admin.logentry"}, {"fields": {"user": 1, "action_time": "2016-10-13T15:26:24.084Z", "action_flag": 2, "change_message": "Changed css_ahref_class.", "object_repr": "Blog", "object_id": "4", "content_type": 9}, "pk": 10, "model": "admin.logentry"}, {"fields": {"user": 1, "action_time": "2016-10-13T15:42:32.020Z", "action_flag": 2, "change_message": "Changed categorie_service.", "object_repr": "SIG", "object_id": "5", "content_type": 11}, "pk": 11, "model": "admin.logentry"}, {"fields": {"user": 1, "action_time": "2016-10-13T15:42:58.515Z", "action_flag": 2, "change_message": "Changed categorie_service.", "object_repr": "SIG", "object_id": "5", "content_type": 11}, "pk": 12, "model": "admin.logentry"}, {"fields": {"user": 1, "action_time": "2016-10-13T15:43:22.980Z", "action_flag": 2, "change_message": "Changed categorie_service.", "object_repr": "T\u00e9l\u00e9d\u00e9tection", "object_id": "6", "content_type": 11}, "pk": 13, "model": "admin.logentry"}, {"fields": {"user": 1, "action_time": "2016-10-13T15:43:31.872Z", "action_flag": 2, "change_message": "Changed categorie_service.", "object_repr": "Maintenace", "object_id": "3", "content_type": 11}, "pk": 14, "model": "admin.logentry"}, {"fields": {"user": 1, "action_time": "2016-10-13T16:05:15.744Z", "action_flag": 2, "change_message": "Changed categorie_service.", "object_repr": "Programmation", "object_id": "7", "content_type": 11}, "pk": 15, "model": "admin.logentry"}, {"fields": {"user": 1, "action_time": "2016-10-13T16:07:05.401Z", "action_flag": 2, "change_message": "Changed level.", "object_repr": "Data", "object_id": "3", "content_type": 10}, "pk": 16, "model": "admin.logentry"}, {"fields": {"user": 1, "action_time": "2016-10-13T16:07:12.483Z", "action_flag": 2, "change_message": "Changed level.", "object_repr": "Outils", "object_id": "2", "content_type": 10}, "pk": 17, "model": "admin.logentry"}, {"fields": {"user": 1, "action_time": "2016-10-13T16:07:18.531Z", "action_flag": 2, "change_message": "Changed level.", "object_repr": "Accompagnement", "object_id": "1", "content_type": 10}, "pk": 18, "model": "admin.logentry"}, {"fields": {"user": 1, "action_time": "2016-10-13T16:07:40.908Z", "action_flag": 2, "change_message": "Changed level.", "object_repr": "Data", "object_id": "3", "content_type": 10}, "pk": 19, "model": "admin.logentry"}, {"fields": {"user": 1, "action_time": "2016-10-13T16:38:03.067Z", "action_flag": 2, "change_message": "Changed nom_section.", "object_repr": "Assistances & support", "object_id": "3", "content_type": 9}, "pk": 20, "model": "admin.logentry"}, {"fields": {"user": 1, "action_time": "2016-10-13T17:16:10.072Z", "action_flag": 2, "change_message": "Changed categorie_service.", "object_repr": "DataPack IGN", "object_id": "11", "content_type": 11}, "pk": 21, "model": "admin.logentry"}, {"fields": {"user": 1, "action_time": "2016-10-13T17:17:11.528Z", "action_flag": 2, "change_message": "Changed categorie_service.", "object_repr": "DataPack Open data", "object_id": "10", "content_type": 11}, "pk": 22, "model": "admin.logentry"}, {"fields": {"user": 1, "action_time": "2016-10-13T17:17:20.265Z", "action_flag": 2, "change_message": "No fields changed.", "object_repr": "DataPack Open data", "object_id": "10", "content_type": 11}, "pk": 23, "model": "admin.logentry"}, {"fields": {"user": 1, "action_time": "2016-10-13T17:19:46.699Z", "action_flag": 2, "change_message": "Changed categorie_service.", "object_repr": "Photogrammetrie", "object_id": "9", "content_type": 11}, "pk": 24, "model": "admin.logentry"}, {"fields": {"user": 1, "action_time": "2016-10-13T17:20:08.042Z", "action_flag": 2, "change_message": "Changed categorie_service.", "object_repr": "Analyse spatiale", "object_id": "8", "content_type": 11}, "pk": 25, "model": "admin.logentry"}, {"fields": {"user": 1, "action_time": "2016-10-13T17:20:14.601Z", "action_flag": 2, "change_message": "Changed categorie_service.", "object_repr": "Programmation", "object_id": "7", "content_type": 11}, "pk": 26, "model": "admin.logentry"}, {"fields": {"user": 1, "action_time": "2016-10-13T17:20:23.316Z", "action_flag": 2, "change_message": "Changed categorie_service.", "object_repr": "Cartographie sp\u00e9cialis\u00e9e", "object_id": "4", "content_type": 11}, "pk": 27, "model": "admin.logentry"}, {"fields": {"user": 1, "action_time": "2016-10-13T17:20:32.608Z", "action_flag": 2, "change_message": "Changed categorie_service.", "object_repr": "Conseil", "object_id": "2", "content_type": 11}, "pk": 28, "model": "admin.logentry"}, {"fields": {"user": 1, "action_time": "2016-10-13T17:20:40.568Z", "action_flag": 2, "change_message": "Changed categorie_service.", "object_repr": "Formation", "object_id": "1", "content_type": 11}, "pk": 29, "model": "admin.logentry"}, {"fields": {"user": 1, "action_time": "2016-10-18T12:53:16.006Z", "action_flag": 2, "change_message": "Changed level.", "object_repr": "Outils", "object_id": "2", "content_type": 10}, "pk": 30, "model": "admin.logentry"}, {"fields": {"user": 1, "action_time": "2016-10-18T12:56:04.865Z", "action_flag": 2, "change_message": "Changed nom_categorie.", "object_repr": "Donn\u00e9es", "object_id": "3", "content_type": 10}, "pk": 31, "model": "admin.logentry"}, {"fields": {"user": 1, "action_time": "2016-10-18T12:57:10.651Z", "action_flag": 2, "change_message": "Changed nom_categorie.", "object_repr": "M\u00e9thodes et outils", "object_id": "2", "content_type": 10}, "pk": 32, "model": "admin.logentry"}, {"fields": {"user": 1, "action_time": "2016-10-18T12:57:28.764Z", "action_flag": 2, "change_message": "Changed categorie_service.", "object_repr": "T\u00e9l\u00e9d\u00e9tection", "object_id": "6", "content_type": 11}, "pk": 33, "model": "admin.logentry"}, {"fields": {"user": 1, "action_time": "2016-10-18T12:58:24.532Z", "action_flag": 2, "change_message": "Changed nom_service.", "object_repr": "Orthophoto", "object_id": "9", "content_type": 11}, "pk": 34, "model": "admin.logentry"}, {"fields": {"user": 1, "action_time": "2016-10-18T12:58:37.390Z", "action_flag": 2, "change_message": "Changed categorie_service.", "object_repr": "SIG", "object_id": "5", "content_type": 11}, "pk": 35, "model": "admin.logentry"}, {"fields": {"user": 1, "action_time": "2016-10-18T12:58:57.721Z", "action_flag": 2, "change_message": "Changed categorie_service.", "object_repr": "Maintenace", "object_id": "3", "content_type": 11}, "pk": 36, "model": "admin.logentry"}, {"fields": {"user": 1, "action_time": "2016-10-18T12:59:06.000Z", "action_flag": 2, "change_message": "Changed nom_service.", "object_repr": "Maintenance", "object_id": "3", "content_type": 11}, "pk": 37, "model": "admin.logentry"}, {"fields": {"user": 1, "action_time": "2016-10-18T13:01:45.023Z", "action_flag": 2, "change_message": "Changed nom_service.", "object_repr": "S.I.G.", "object_id": "5", "content_type": 11}, "pk": 38, "model": "admin.logentry"}, {"fields": {"user": 1, "action_time": "2016-10-18T13:02:34.431Z", "action_flag": 1, "change_message": "", "object_repr": "Catalogue", "object_id": "12", "content_type": 11}, "pk": 39, "model": "admin.logentry"}, {"fields": {"user": 1, "action_time": "2016-10-18T13:04:31.909Z", "action_flag": 2, "change_message": "Changed level.", "object_repr": "Donn\u00e9es", "object_id": "3", "content_type": 10}, "pk": 40, "model": "admin.logentry"}, {"fields": {"user": 1, "action_time": "2016-10-18T13:04:45.697Z", "action_flag": 2, "change_message": "Changed level.", "object_repr": "Accompagnement", "object_id": "1", "content_type": 10}, "pk": 41, "model": "admin.logentry"}, {"fields": {"user": 1, "action_time": "2016-10-18T13:06:48.928Z", "action_flag": 2, "change_message": "Changed level.", "object_repr": "M\u00e9thodes et outils", "object_id": "2", "content_type": 10}, "pk": 42, "model": "admin.logentry"}, {"fields": {"user": 1, "action_time": "2016-10-18T13:06:57.808Z", "action_flag": 2, "change_message": "Changed level.", "object_repr": "Accompagnement", "object_id": "1", "content_type": 10}, "pk": 43, "model": "admin.logentry"}, {"fields": {"user": 1, "action_time": "2016-10-18T13:09:23.550Z", "action_flag": 1, "change_message": "", "object_repr": "Lev\u00e9 terrain", "object_id": "13", "content_type": 11}, "pk": 44, "model": "admin.logentry"}, {"fields": {"user": 1, "action_time": "2016-10-18T13:09:59.463Z", "action_flag": 1, "change_message": "", "object_repr": "Collectivit\u00e9", "object_id": "5", "content_type": 8}, "pk": 45, "model": "admin.logentry"}, {"fields": {"user": 1, "action_time": "2016-10-18T13:10:46.486Z", "action_flag": 1, "change_message": "", "object_repr": "Tourisme", "object_id": "6", "content_type": 8}, "pk": 46, "model": "admin.logentry"}, {"fields": {"user": 1, "action_time": "2016-10-18T13:11:52.995Z", "action_flag": 2, "change_message": "Changed nom_section.", "object_repr": "Assistance & support", "object_id": "3", "content_type": 9}, "pk": 47, "model": "admin.logentry"}, {"fields": {"user": 1, "action_time": "2016-10-18T14:00:11.033Z", "action_flag": 2, "change_message": "Changed css_icon.", "object_repr": "Lev\u00e9 terrain", "object_id": "13", "content_type": 11}, "pk": 48, "model": "admin.logentry"}, {"fields": {"user": 1, "action_time": "2016-10-18T14:04:21.223Z", "action_flag": 2, "change_message": "Changed css_icon.", "object_repr": "Orthophoto", "object_id": "9", "content_type": 11}, "pk": 49, "model": "admin.logentry"}, {"fields": {"user": 1, "action_time": "2016-10-18T14:05:15.155Z", "action_flag": 2, "change_message": "Changed css_icon.", "object_repr": "DataPack IGN", "object_id": "11", "content_type": 11}, "pk": 50, "model": "admin.logentry"}, {"fields": {"user": 1, "action_time": "2016-10-18T14:05:23.446Z", "action_flag": 2, "change_message": "Changed css_icon.", "object_repr": "DataPack Open data", "object_id": "10", "content_type": 11}, "pk": 51, "model": "admin.logentry"}, {"fields": {"user": 1, "action_time": "2016-10-18T14:05:32.493Z", "action_flag": 2, "change_message": "Changed css_icon.", "object_repr": "Analyse spatiale", "object_id": "8", "content_type": 11}, "pk": 52, "model": "admin.logentry"}, {"fields": {"user": 1, "action_time": "2016-10-18T14:05:49.406Z", "action_flag": 2, "change_message": "Changed css_icon.", "object_repr": "T\u00e9l\u00e9d\u00e9tection", "object_id": "6", "content_type": 11}, "pk": 53, "model": "admin.logentry"}, {"fields": {"user": 1, "action_time": "2016-10-18T14:06:01.624Z", "action_flag": 2, "change_message": "Changed css_icon.", "object_repr": "S.I.G.", "object_id": "5", "content_type": 11}, "pk": 54, "model": "admin.logentry"}, {"fields": {"user": 1, "action_time": "2016-10-18T14:06:52.625Z", "action_flag": 2, "change_message": "Changed css_icon.", "object_repr": "Catalogue", "object_id": "12", "content_type": 11}, "pk": 55, "model": "admin.logentry"}, {"fields": {"user": 1, "action_time": "2016-10-18T14:07:08.744Z", "action_flag": 2, "change_message": "Changed css_icon.", "object_repr": "Formation", "object_id": "1", "content_type": 11}, "pk": 56, "model": "admin.logentry"}, {"fields": {"user": 1, "action_time": "2016-10-18T14:07:22.999Z", "action_flag": 2, "change_message": "Changed css_icon.", "object_repr": "Conseil", "object_id": "2", "content_type": 11}, "pk": 57, "model": "admin.logentry"}, {"fields": {"user": 1, "action_time": "2016-10-18T14:08:05.587Z", "action_flag": 2, "change_message": "Changed css_icon.", "object_repr": "Catalogue", "object_id": "12", "content_type": 11}, "pk": 58, "model": "admin.logentry"}, {"fields": {"user": 1, "action_time": "2016-10-18T14:10:50.428Z", "action_flag": 2, "change_message": "Changed css_icon.", "object_repr": "Maintenance", "object_id": "3", "content_type": 11}, "pk": 59, "model": "admin.logentry"}, {"fields": {"user": 1, "action_time": "2016-10-18T14:12:13.642Z", "action_flag": 2, "change_message": "Changed css_icon.", "object_repr": "Analyse spatiale", "object_id": "8", "content_type": 11}, "pk": 60, "model": "admin.logentry"}, {"fields": {"user": 1, "action_time": "2016-10-18T14:13:02.673Z", "action_flag": 2, "change_message": "Changed nom_service.", "object_repr": "DataPack", "object_id": "11", "content_type": 11}, "pk": 61, "model": "admin.logentry"}, {"fields": {"user": 1, "action_time": "2016-10-18T14:13:13.333Z", "action_flag": 3, "change_message": "", "object_repr": "DataPack Open data", "object_id": "10", "content_type": 11}, "pk": 62, "model": "admin.logentry"}, {"fields": {"user": 1, "action_time": "2016-10-18T14:13:50.072Z", "action_flag": 2, "change_message": "Changed css_icon.", "object_repr": "Programmation", "object_id": "7", "content_type": 11}, "pk": 63, "model": "admin.logentry"}, {"fields": {"user": 1, "action_time": "2016-10-18T14:14:50.882Z", "action_flag": 2, "change_message": "Changed css_icon.", "object_repr": "Formation", "object_id": "1", "content_type": 11}, "pk": 64, "model": "admin.logentry"}, {"fields": {"user": 1, "action_time": "2016-10-18T14:15:37.450Z", "action_flag": 2, "change_message": "Changed css_icon.", "object_repr": "T\u00e9l\u00e9d\u00e9tection", "object_id": "6", "content_type": 11}, "pk": 65, "model": "admin.logentry"}, {"fields": {"user": 1, "action_time": "2016-10-18T14:31:13.582Z", "action_flag": 2, "change_message": "Changed css_icon.", "object_repr": "S.I.G.", "object_id": "5", "content_type": 11}, "pk": 66, "model": "admin.logentry"}]