[{"pk": 1, "fields": {"app_label": "admin", "model": "logentry"}, "model": "contenttypes.contenttype"}, {"pk": 2, "fields": {"app_label": "auth", "model": "permission"}, "model": "contenttypes.contenttype"}, {"pk": 3, "fields": {"app_label": "auth", "model": "group"}, "model": "contenttypes.contenttype"}, {"pk": 4, "fields": {"app_label": "auth", "model": "user"}, "model": "contenttypes.contenttype"}, {"pk": 5, "fields": {"app_label": "contenttypes", "model": "contenttype"}, "model": "contenttypes.contenttype"}, {"pk": 6, "fields": {"app_label": "sessions", "model": "session"}, "model": "contenttypes.contenttype"}, {"pk": 7, "fields": {"app_label": "sites", "model": "site"}, "model": "contenttypes.contenttype"}, {"pk": 8, "fields": {"app_label": "website", "model": "secteur"}, "model": "contenttypes.contenttype"}, {"pk": 9, "fields": {"app_label": "website", "model": "section"}, "model": "contenttypes.contenttype"}, {"pk": 10, "fields": {"app_label": "website", "model": "categorie"}, "model": "contenttypes.contenttype"}, {"pk": 11, "fields": {"app_label": "website", "model": "service"}, "model": "contenttypes.contenttype"}, {"pk": 12, "fields": {"app_label": "website", "model": "software"}, "model": "contenttypes.contenttype"}, {"pk": 13, "fields": {"app_label": "website", "model": "formation"}, "model": "contenttypes.contenttype"}, {"pk": 14, "fields": {"app_label": "website", "model": "catformation"}, "model": "contenttypes.contenttype"}, {"pk": 15, "fields": {"app_label": "easy_thumbnails", "model": "source"}, "model": "contenttypes.contenttype"}, {"pk": 16, "fields": {"app_label": "easy_thumbnails", "model": "thumbnail"}, "model": "contenttypes.contenttype"}, {"pk": 17, "fields": {"app_label": "easy_thumbnails", "model": "thumbnaildimensions"}, "model": "contenttypes.contenttype"}, {"pk": 18, "fields": {"app_label": "filer", "model": "folder"}, "model": "contenttypes.contenttype"}, {"pk": 19, "fields": {"app_label": "filer", "model": "folderpermission"}, "model": "contenttypes.contenttype"}, {"pk": 20, "fields": {"app_label": "filer", "model": "file"}, "model": "contenttypes.contenttype"}, {"pk": 21, "fields": {"app_label": "filer", "model": "clipboard"}, "model": "contenttypes.contenttype"}, {"pk": 22, "fields": {"app_label": "filer", "model": "clipboarditem"}, "model": "contenttypes.contenttype"}, {"pk": 23, "fields": {"app_label": "filer", "model": "image"}, "model": "contenttypes.contenttype"}, {"pk": 24, "fields": {"app_label": "website", "model": "reference"}, "model": "contenttypes.contenttype"}, {"pk": "z8exwxc5g3w8t2pg14de0czr2y4q9w0t", "fields": {"session_data": "ZDBhZWFmYWM5MDAwYTI1MjJlNzU4MTM0YTViM2RjZjdmMWZiYTYwYjp7ImZpbGVyX2xhc3RfZm9sZGVyX2lkIjoiMSIsIl9hdXRoX3VzZXJfaWQiOiIxIiwiX2F1dGhfdXNlcl9iYWNrZW5kIjoiZGphbmdvLmNvbnRyaWIuYXV0aC5iYWNrZW5kcy5Nb2RlbEJhY2tlbmQiLCJfYXV0aF91c2VyX2hhc2giOiI5ZDI0OGFhZjU3OGY5ZTI4ZDljZWQwY2NjMTQxMjljZjM5ZTY1NTc3In0=", "expire_date": "2016-10-27T10:33:52.928Z"}, "model": "sessions.session"}, {"pk": 1, "fields": {"domain": "example.com", "name": "example.com"}, "model": "sites.site"}, {"pk": 1, "fields": {"modified": "2016-10-13T10:31:05.676Z", "name": "filer_public/d5/46/d546e358-061b-4d6b-8511-d47850fd8cbb/openstreetmap_icon.png", "storage_hash": "f9bde26a1556cd667f742bd34ec7c55e"}, "model": "easy_thumbnails.source"}, {"pk": 2, "fields": {"modified": "2016-10-13T10:33:50.561Z", "name": "filer_public/cc/93/cc930a9f-e7f3-4ed4-a9d7-37659ac806ba/qgis.png", "storage_hash": "f9bde26a1556cd667f742bd34ec7c55e"}, "model": "easy_thumbnails.source"}, {"pk": 1, "fields": {"modified": "2016-10-13T10:31:05.700Z", "name": "filer_public_thumbnails/filer_public/d5/46/d546e358-061b-4d6b-8511-d47850fd8cbb/openstreetmap_icon.png__32x32_q85_crop_subsampling-2_upscale.png", "source": 1, "storage_hash": "f9bde26a1556cd667f742bd34ec7c55e"}, "model": "easy_thumbnails.thumbnail"}, {"pk": 2, "fields": {"modified": "2016-10-13T10:31:05.846Z", "name": "filer_public_thumbnails/filer_public/d5/46/d546e358-061b-4d6b-8511-d47850fd8cbb/openstreetmap_icon.png__32x32_q85_crop_subsampling-2_upscale@2x.png", "source": 1, "storage_hash": "f9bde26a1556cd667f742bd34ec7c55e"}, "model": "easy_thumbnails.thumbnail"}, {"pk": 3, "fields": {"modified": "2016-10-13T10:31:05.943Z", "name": "filer_public_thumbnails/filer_public/d5/46/d546e358-061b-4d6b-8511-d47850fd8cbb/openstreetmap_icon.png__16x16_q85_crop_subsampling-2_upscale.png", "source": 1, "storage_hash": "f9bde26a1556cd667f742bd34ec7c55e"}, "model": "easy_thumbnails.thumbnail"}, {"pk": 4, "fields": {"modified": "2016-10-13T10:31:06.030Z", "name": "filer_public_thumbnails/filer_public/d5/46/d546e358-061b-4d6b-8511-d47850fd8cbb/openstreetmap_icon.png__16x16_q85_crop_subsampling-2_upscale@2x.png", "source": 1, "storage_hash": "f9bde26a1556cd667f742bd34ec7c55e"}, "model": "easy_thumbnails.thumbnail"}, {"pk": 5, "fields": {"modified": "2016-10-13T10:31:06.285Z", "name": "filer_public_thumbnails/filer_public/d5/46/d546e358-061b-4d6b-8511-d47850fd8cbb/openstreetmap_icon.png__64x64_q85_crop_subsampling-2_upscale.png", "source": 1, "storage_hash": "f9bde26a1556cd667f742bd34ec7c55e"}, "model": "easy_thumbnails.thumbnail"}, {"pk": 6, "fields": {"modified": "2016-10-13T10:31:06.544Z", "name": "filer_public_thumbnails/filer_public/d5/46/d546e358-061b-4d6b-8511-d47850fd8cbb/openstreetmap_icon.png__64x64_q85_crop_subsampling-2_upscale@2x.png", "source": 1, "storage_hash": "f9bde26a1556cd667f742bd34ec7c55e"}, "model": "easy_thumbnails.thumbnail"}, {"pk": 7, "fields": {"modified": "2016-10-13T10:31:06.674Z", "name": "filer_public_thumbnails/filer_public/d5/46/d546e358-061b-4d6b-8511-d47850fd8cbb/openstreetmap_icon.png__48x48_q85_crop_subsampling-2_upscale.png", "source": 1, "storage_hash": "f9bde26a1556cd667f742bd34ec7c55e"}, "model": "easy_thumbnails.thumbnail"}, {"pk": 8, "fields": {"modified": "2016-10-13T10:31:06.786Z", "name": "filer_public_thumbnails/filer_public/d5/46/d546e358-061b-4d6b-8511-d47850fd8cbb/openstreetmap_icon.png__48x48_q85_crop_subsampling-2_upscale@2x.png", "source": 1, "storage_hash": "f9bde26a1556cd667f742bd34ec7c55e"}, "model": "easy_thumbnails.thumbnail"}, {"pk": 9, "fields": {"modified": "2016-10-13T10:31:06.953Z", "name": "filer_public_thumbnails/filer_public/d5/46/d546e358-061b-4d6b-8511-d47850fd8cbb/openstreetmap_icon.png__180x180_q85_crop_subsampling-2_upscale.png", "source": 1, "storage_hash": "f9bde26a1556cd667f742bd34ec7c55e"}, "model": "easy_thumbnails.thumbnail"}, {"pk": 10, "fields": {"modified": "2016-10-13T10:31:07.359Z", "name": "filer_public_thumbnails/filer_public/d5/46/d546e358-061b-4d6b-8511-d47850fd8cbb/openstreetmap_icon.png__180x180_q85_crop_subsampling-2_upscale@2x.png", "source": 1, "storage_hash": "f9bde26a1556cd667f742bd34ec7c55e"}, "model": "easy_thumbnails.thumbnail"}, {"pk": 11, "fields": {"modified": "2016-10-13T10:33:50.591Z", "name": "filer_public_thumbnails/filer_public/cc/93/cc930a9f-e7f3-4ed4-a9d7-37659ac806ba/qgis.png__32x32_q85_crop_subsampling-2_upscale.png", "source": 2, "storage_hash": "f9bde26a1556cd667f742bd34ec7c55e"}, "model": "easy_thumbnails.thumbnail"}, {"pk": 12, "fields": {"modified": "2016-10-13T10:33:50.747Z", "name": "filer_public_thumbnails/filer_public/cc/93/cc930a9f-e7f3-4ed4-a9d7-37659ac806ba/qgis.png__32x32_q85_crop_subsampling-2_upscale@2x.png", "source": 2, "storage_hash": "f9bde26a1556cd667f742bd34ec7c55e"}, "model": "easy_thumbnails.thumbnail"}, {"pk": 13, "fields": {"modified": "2016-10-13T10:33:50.863Z", "name": "filer_public_thumbnails/filer_public/cc/93/cc930a9f-e7f3-4ed4-a9d7-37659ac806ba/qgis.png__16x16_q85_crop_subsampling-2_upscale.png", "source": 2, "storage_hash": "f9bde26a1556cd667f742bd34ec7c55e"}, "model": "easy_thumbnails.thumbnail"}, {"pk": 14, "fields": {"modified": "2016-10-13T10:33:50.976Z", "name": "filer_public_thumbnails/filer_public/cc/93/cc930a9f-e7f3-4ed4-a9d7-37659ac806ba/qgis.png__16x16_q85_crop_subsampling-2_upscale@2x.png", "source": 2, "storage_hash": "f9bde26a1556cd667f742bd34ec7c55e"}, "model": "easy_thumbnails.thumbnail"}, {"pk": 15, "fields": {"modified": "2016-10-13T10:33:51.099Z", "name": "filer_public_thumbnails/filer_public/cc/93/cc930a9f-e7f3-4ed4-a9d7-37659ac806ba/qgis.png__64x64_q85_crop_subsampling-2_upscale.png", "source": 2, "storage_hash": "f9bde26a1556cd667f742bd34ec7c55e"}, "model": "easy_thumbnails.thumbnail"}, {"pk": 16, "fields": {"modified": "2016-10-13T10:33:51.442Z", "name": "filer_public_thumbnails/filer_public/cc/93/cc930a9f-e7f3-4ed4-a9d7-37659ac806ba/qgis.png__64x64_q85_crop_subsampling-2_upscale@2x.png", "source": 2, "storage_hash": "f9bde26a1556cd667f742bd34ec7c55e"}, "model": "easy_thumbnails.thumbnail"}, {"pk": 17, "fields": {"modified": "2016-10-13T10:33:51.617Z", "name": "filer_public_thumbnails/filer_public/cc/93/cc930a9f-e7f3-4ed4-a9d7-37659ac806ba/qgis.png__48x48_q85_crop_subsampling-2_upscale.png", "source": 2, "storage_hash": "f9bde26a1556cd667f742bd34ec7c55e"}, "model": "easy_thumbnails.thumbnail"}, {"pk": 18, "fields": {"modified": "2016-10-13T10:33:51.808Z", "name": "filer_public_thumbnails/filer_public/cc/93/cc930a9f-e7f3-4ed4-a9d7-37659ac806ba/qgis.png__48x48_q85_crop_subsampling-2_upscale@2x.png", "source": 2, "storage_hash": "f9bde26a1556cd667f742bd34ec7c55e"}, "model": "easy_thumbnails.thumbnail"}, {"pk": 19, "fields": {"modified": "2016-10-13T10:33:52.077Z", "name": "filer_public_thumbnails/filer_public/cc/93/cc930a9f-e7f3-4ed4-a9d7-37659ac806ba/qgis.png__180x180_q85_crop_subsampling-2_upscale.png", "source": 2, "storage_hash": "f9bde26a1556cd667f742bd34ec7c55e"}, "model": "easy_thumbnails.thumbnail"}, {"pk": 20, "fields": {"modified": "2016-10-13T10:33:52.487Z", "name": "filer_public_thumbnails/filer_public/cc/93/cc930a9f-e7f3-4ed4-a9d7-37659ac806ba/qgis.png__180x180_q85_crop_subsampling-2_upscale@2x.png", "source": 2, "storage_hash": "f9bde26a1556cd667f742bd34ec7c55e"}, "model": "easy_thumbnails.thumbnail"}, {"pk": 1, "fields": {"actif": true, "css_class": null, "nom_secteur": "Foresterie"}, "model": "website.secteur"}, {"pk": 2, "fields": {"actif": true, "css_class": null, "nom_secteur": "Agriculture"}, "model": "website.secteur"}, {"pk": 3, "fields": {"actif": true, "css_class": null, "nom_secteur": "Environnement"}, "model": "website.secteur"}, {"pk": 4, "fields": {"actif": true, "css_class": null, "nom_secteur": "Arch\u00e9ologie"}, "model": "website.secteur"}, {"pk": 5, "fields": {"actif": true, "css_class": "", "nom_secteur": "Collectivit\u00e9"}, "model": "website.secteur"}, {"pk": 6, "fields": {"actif": false, "css_class": "", "nom_secteur": "Tourisme"}, "model": "website.secteur"}, {"pk": 1, "fields": {"css_datacategory": "products", "css_icon": "", "css_div_class": "dropdown inline fl contain", "nom_section": "Services", "actif": true, "level": "navbar-top", "css_ahref_class": ""}, "model": "website.section"}, {"pk": 2, "fields": {"css_datacategory": "use-cases", "css_icon": "", "css_div_class": "dropdown inline fl contain", "nom_section": "Secteurs", "actif": true, "level": "navbar-top", "css_ahref_class": ""}, "model": "website.section"}, {"pk": 3, "fields": {"css_datacategory": "help", "css_icon": "", "css_div_class": "dropdown inline fl contain", "nom_section": "Assistance & support", "actif": true, "level": "navbar-top", "css_ahref_class": ""}, "model": "website.section"}, {"pk": 4, "fields": {"css_datacategory": "aucun", "css_icon": "", "css_div_class": "inline fl", "nom_section": "Blog", "actif": true, "level": "navbar-top", "css_ahref_class": "quiet"}, "model": "website.section"}, {"pk": 1, "fields": {"actif": true, "nom_categorie": "Accompagnement", "css_class": "", "level": 1}, "model": "website.categorie"}, {"pk": 2, "fields": {"actif": true, "nom_categorie": "M\u00e9thodes et outils", "css_class": "", "level": 2}, "model": "website.categorie"}, {"pk": 3, "fields": {"actif": true, "nom_categorie": "Donn\u00e9es", "css_class": "", "level": 3}, "model": "website.categorie"}, {"pk": 1, "fields": {"css_icon": "plus-document", "pitch": "", "css_class": "", "actif": true, "nom_service": "Formation", "categorie_service": 1, "description": ""}, "model": "website.service"}, {"pk": 2, "fields": {"css_icon": "compass", "pitch": "", "css_class": "", "actif": true, "nom_service": "Conseil", "categorie_service": 1, "description": ""}, "model": "website.service"}, {"pk": 3, "fields": {"css_icon": "bug", "pitch": "", "css_class": "", "actif": true, "nom_service": "Maintenance", "categorie_service": 1, "description": ""}, "model": "website.service"}, {"pk": 4, "fields": {"css_icon": "map", "pitch": "", "css_class": "", "actif": true, "nom_service": "Cartographie sp\u00e9cialis\u00e9e", "categorie_service": 2, "description": ""}, "model": "website.service"}, {"pk": 5, "fields": {"css_icon": "layers", "pitch": "", "css_class": "", "actif": true, "nom_service": "S.I.G.", "categorie_service": 2, "description": ""}, "model": "website.service"}, {"pk": 6, "fields": {"css_icon": "grid", "pitch": "", "css_class": "", "actif": true, "nom_service": "T\u00e9l\u00e9d\u00e9tection", "categorie_service": 2, "description": ""}, "model": "website.service"}, {"pk": 7, "fields": {"css_icon": "coding", "pitch": "", "css_class": "", "actif": true, "nom_service": "Programmation", "categorie_service": 2, "description": ""}, "model": "website.service"}, {"pk": 8, "fields": {"css_icon": "analytics", "pitch": "", "css_class": "", "actif": true, "nom_service": "Analyse spatiale", "categorie_service": 2, "description": ""}, "model": "website.service"}, {"pk": 9, "fields": {"css_icon": "tileset", "pitch": "", "css_class": "", "actif": true, "nom_service": "Orthophoto", "categorie_service": 3, "description": ""}, "model": "website.service"}, {"pk": 11, "fields": {"css_icon": "data", "pitch": "", "css_class": "", "actif": true, "nom_service": "DataPack", "categorie_service": 3, "description": ""}, "model": "website.service"}, {"pk": 12, "fields": {"css_icon": "globe", "pitch": "", "css_class": "", "actif": true, "nom_service": "Catalogue", "categorie_service": 2, "description": ""}, "model": "website.service"}, {"pk": 13, "fields": {"css_icon": "marker", "pitch": "", "css_class": "", "actif": true, "nom_service": "Lev\u00e9 terrain", "categorie_service": 3, "description": ""}, "model": "website.service"}, {"pk": 1, "fields": {"pitch": "", "css_class": "", "nom_soft": "Qgis", "css_icon": "", "description": "", "image": 2}, "model": "website.software"}, {"pk": 1, "fields": {"codename": "add_logentry", "content_type": ["admin", "logentry"], "name": "Can add log entry"}, "model": "auth.permission"}, {"pk": 2, "fields": {"codename": "change_logentry", "content_type": ["admin", "logentry"], "name": "Can change log entry"}, "model": "auth.permission"}, {"pk": 3, "fields": {"codename": "delete_logentry", "content_type": ["admin", "logentry"], "name": "Can delete log entry"}, "model": "auth.permission"}, {"pk": 4, "fields": {"codename": "add_permission", "content_type": ["auth", "permission"], "name": "Can add permission"}, "model": "auth.permission"}, {"pk": 5, "fields": {"codename": "change_permission", "content_type": ["auth", "permission"], "name": "Can change permission"}, "model": "auth.permission"}, {"pk": 6, "fields": {"codename": "delete_permission", "content_type": ["auth", "permission"], "name": "Can delete permission"}, "model": "auth.permission"}, {"pk": 7, "fields": {"codename": "add_group", "content_type": ["auth", "group"], "name": "Can add group"}, "model": "auth.permission"}, {"pk": 8, "fields": {"codename": "change_group", "content_type": ["auth", "group"], "name": "Can change group"}, "model": "auth.permission"}, {"pk": 9, "fields": {"codename": "delete_group", "content_type": ["auth", "group"], "name": "Can delete group"}, "model": "auth.permission"}, {"pk": 10, "fields": {"codename": "add_user", "content_type": ["auth", "user"], "name": "Can add user"}, "model": "auth.permission"}, {"pk": 11, "fields": {"codename": "change_user", "content_type": ["auth", "user"], "name": "Can change user"}, "model": "auth.permission"}, {"pk": 12, "fields": {"codename": "delete_user", "content_type": ["auth", "user"], "name": "Can delete user"}, "model": "auth.permission"}, {"pk": 13, "fields": {"codename": "add_contenttype", "content_type": ["contenttypes", "contenttype"], "name": "Can add content type"}, "model": "auth.permission"}, {"pk": 14, "fields": {"codename": "change_contenttype", "content_type": ["contenttypes", "contenttype"], "name": "Can change content type"}, "model": "auth.permission"}, {"pk": 15, "fields": {"codename": "delete_contenttype", "content_type": ["contenttypes", "contenttype"], "name": "Can delete content type"}, "model": "auth.permission"}, {"pk": 16, "fields": {"codename": "add_session", "content_type": ["sessions", "session"], "name": "Can add session"}, "model": "auth.permission"}, {"pk": 17, "fields": {"codename": "change_session", "content_type": ["sessions", "session"], "name": "Can change session"}, "model": "auth.permission"}, {"pk": 18, "fields": {"codename": "delete_session", "content_type": ["sessions", "session"], "name": "Can delete session"}, "model": "auth.permission"}, {"pk": 19, "fields": {"codename": "add_site", "content_type": ["sites", "site"], "name": "Can add site"}, "model": "auth.permission"}, {"pk": 20, "fields": {"codename": "change_site", "content_type": ["sites", "site"], "name": "Can change site"}, "model": "auth.permission"}, {"pk": 21, "fields": {"codename": "delete_site", "content_type": ["sites", "site"], "name": "Can delete site"}, "model": "auth.permission"}, {"pk": 22, "fields": {"codename": "add_secteur", "content_type": ["website", "secteur"], "name": "Can add secteur"}, "model": "auth.permission"}, {"pk": 23, "fields": {"codename": "change_secteur", "content_type": ["website", "secteur"], "name": "Can change secteur"}, "model": "auth.permission"}, {"pk": 24, "fields": {"codename": "delete_secteur", "content_type": ["website", "secteur"], "name": "Can delete secteur"}, "model": "auth.permission"}, {"pk": 25, "fields": {"codename": "add_section", "content_type": ["website", "section"], "name": "Can add section"}, "model": "auth.permission"}, {"pk": 26, "fields": {"codename": "change_section", "content_type": ["website", "section"], "name": "Can change section"}, "model": "auth.permission"}, {"pk": 27, "fields": {"codename": "delete_section", "content_type": ["website", "section"], "name": "Can delete section"}, "model": "auth.permission"}, {"pk": 28, "fields": {"codename": "add_categorie", "content_type": ["website", "categorie"], "name": "Can add categorie"}, "model": "auth.permission"}, {"pk": 29, "fields": {"codename": "change_categorie", "content_type": ["website", "categorie"], "name": "Can change categorie"}, "model": "auth.permission"}, {"pk": 30, "fields": {"codename": "delete_categorie", "content_type": ["website", "categorie"], "name": "Can delete categorie"}, "model": "auth.permission"}, {"pk": 31, "fields": {"codename": "add_service", "content_type": ["website", "service"], "name": "Can add service"}, "model": "auth.permission"}, {"pk": 32, "fields": {"codename": "change_service", "content_type": ["website", "service"], "name": "Can change service"}, "model": "auth.permission"}, {"pk": 33, "fields": {"codename": "delete_service", "content_type": ["website", "service"], "name": "Can delete service"}, "model": "auth.permission"}, {"pk": 34, "fields": {"codename": "add_software", "content_type": ["website", "software"], "name": "Can add software"}, "model": "auth.permission"}, {"pk": 35, "fields": {"codename": "change_software", "content_type": ["website", "software"], "name": "Can change software"}, "model": "auth.permission"}, {"pk": 36, "fields": {"codename": "delete_software", "content_type": ["website", "software"], "name": "Can delete software"}, "model": "auth.permission"}, {"pk": 37, "fields": {"codename": "add_formation", "content_type": ["website", "formation"], "name": "Can add formation"}, "model": "auth.permission"}, {"pk": 38, "fields": {"codename": "change_formation", "content_type": ["website", "formation"], "name": "Can change formation"}, "model": "auth.permission"}, {"pk": 39, "fields": {"codename": "delete_formation", "content_type": ["website", "formation"], "name": "Can delete formation"}, "model": "auth.permission"}, {"pk": 40, "fields": {"codename": "add_catformation", "content_type": ["website", "catformation"], "name": "Can add cat formation"}, "model": "auth.permission"}, {"pk": 41, "fields": {"codename": "change_catformation", "content_type": ["website", "catformation"], "name": "Can change cat formation"}, "model": "auth.permission"}, {"pk": 42, "fields": {"codename": "delete_catformation", "content_type": ["website", "catformation"], "name": "Can delete cat formation"}, "model": "auth.permission"}, {"pk": 43, "fields": {"codename": "add_source", "content_type": ["easy_thumbnails", "source"], "name": "Can add source"}, "model": "auth.permission"}, {"pk": 44, "fields": {"codename": "change_source", "content_type": ["easy_thumbnails", "source"], "name": "Can change source"}, "model": "auth.permission"}, {"pk": 45, "fields": {"codename": "delete_source", "content_type": ["easy_thumbnails", "source"], "name": "Can delete source"}, "model": "auth.permission"}, {"pk": 46, "fields": {"codename": "add_thumbnail", "content_type": ["easy_thumbnails", "thumbnail"], "name": "Can add thumbnail"}, "model": "auth.permission"}, {"pk": 47, "fields": {"codename": "change_thumbnail", "content_type": ["easy_thumbnails", "thumbnail"], "name": "Can change thumbnail"}, "model": "auth.permission"}, {"pk": 48, "fields": {"codename": "delete_thumbnail", "content_type": ["easy_thumbnails", "thumbnail"], "name": "Can delete thumbnail"}, "model": "auth.permission"}, {"pk": 49, "fields": {"codename": "add_thumbnaildimensions", "content_type": ["easy_thumbnails", "thumbnaildimensions"], "name": "Can add thumbnail dimensions"}, "model": "auth.permission"}, {"pk": 50, "fields": {"codename": "change_thumbnaildimensions", "content_type": ["easy_thumbnails", "thumbnaildimensions"], "name": "Can change thumbnail dimensions"}, "model": "auth.permission"}, {"pk": 51, "fields": {"codename": "delete_thumbnaildimensions", "content_type": ["easy_thumbnails", "thumbnaildimensions"], "name": "Can delete thumbnail dimensions"}, "model": "auth.permission"}, {"pk": 52, "fields": {"codename": "add_folder", "content_type": ["filer", "folder"], "name": "Can add Folder"}, "model": "auth.permission"}, {"pk": 53, "fields": {"codename": "change_folder", "content_type": ["filer", "folder"], "name": "Can change Folder"}, "model": "auth.permission"}, {"pk": 54, "fields": {"codename": "delete_folder", "content_type": ["filer", "folder"], "name": "Can delete Folder"}, "model": "auth.permission"}, {"pk": 55, "fields": {"codename": "can_use_directory_listing", "content_type": ["filer", "folder"], "name": "Can use directory listing"}, "model": "auth.permission"}, {"pk": 56, "fields": {"codename": "add_folderpermission", "content_type": ["filer", "folderpermission"], "name": "Can add folder permission"}, "model": "auth.permission"}, {"pk": 57, "fields": {"codename": "change_folderpermission", "content_type": ["filer", "folderpermission"], "name": "Can change folder permission"}, "model": "auth.permission"}, {"pk": 58, "fields": {"codename": "delete_folderpermission", "content_type": ["filer", "folderpermission"], "name": "Can delete folder permission"}, "model": "auth.permission"}, {"pk": 59, "fields": {"codename": "add_file", "content_type": ["filer", "file"], "name": "Can add file"}, "model": "auth.permission"}, {"pk": 60, "fields": {"codename": "change_file", "content_type": ["filer", "file"], "name": "Can change file"}, "model": "auth.permission"}, {"pk": 61, "fields": {"codename": "delete_file", "content_type": ["filer", "file"], "name": "Can delete file"}, "model": "auth.permission"}, {"pk": 62, "fields": {"codename": "add_clipboard", "content_type": ["filer", "clipboard"], "name": "Can add clipboard"}, "model": "auth.permission"}, {"pk": 63, "fields": {"codename": "change_clipboard", "content_type": ["filer", "clipboard"], "name": "Can change clipboard"}, "model": "auth.permission"}, {"pk": 64, "fields": {"codename": "delete_clipboard", "content_type": ["filer", "clipboard"], "name": "Can delete clipboard"}, "model": "auth.permission"}, {"pk": 65, "fields": {"codename": "add_clipboarditem", "content_type": ["filer", "clipboarditem"], "name": "Can add clipboard item"}, "model": "auth.permission"}, {"pk": 66, "fields": {"codename": "change_clipboarditem", "content_type": ["filer", "clipboarditem"], "name": "Can change clipboard item"}, "model": "auth.permission"}, {"pk": 67, "fields": {"codename": "delete_clipboarditem", "content_type": ["filer", "clipboarditem"], "name": "Can delete clipboard item"}, "model": "auth.permission"}, {"pk": 68, "fields": {"codename": "add_image", "content_type": ["filer", "image"], "name": "Can add image"}, "model": "auth.permission"}, {"pk": 69, "fields": {"codename": "change_image", "content_type": ["filer", "image"], "name": "Can change image"}, "model": "auth.permission"}, {"pk": 70, "fields": {"codename": "delete_image", "content_type": ["filer", "image"], "name": "Can delete image"}, "model": "auth.permission"}, {"pk": 71, "fields": {"codename": "add_reference", "content_type": ["website", "reference"], "name": "Can add reference"}, "model": "auth.permission"}, {"pk": 72, "fields": {"codename": "change_reference", "content_type": ["website", "reference"], "name": "Can change reference"}, "model": "auth.permission"}, {"pk": 73, "fields": {"codename": "delete_reference", "content_type": ["website", "reference"], "name": "Can delete reference"}, "model": "auth.permission"}, {"pk": 1, "fields": {"is_staff": true, "last_login": "2016-10-05T16:00:16.783Z", "email": "", "groups": [], "is_superuser": true, "is_active": true, "password": "pbkdf2_sha256$20000$7bbtRAwkXQDo$GGA9bp/N1HGrs4UuBkubHas6KqMCpAwkPZ87GI+3YGM=", "user_permissions": [], "date_joined": "2016-10-05T15:54:46.603Z", "last_name": "", "first_name": "", "username": "yogis"}, "model": "auth.user"}, {"pk": 1, "fields": {"modified_at": "2016-10-13T10:30:16.763Z", "tree_id": 1, "owner": ["yogis"], "uploaded_at": "2016-10-13T10:30:16.763Z", "parent": null, "lft": 1, "created_at": "2016-10-13T10:30:16.763Z", "rght": 2, "name": "software", "level": 0}, "model": "filer.folder"}, {"pk": 1, "fields": {"modified_at": "2016-10-13T10:31:05.341Z", "owner": ["yogis"], "file": "filer_public/d5/46/d546e358-061b-4d6b-8511-d47850fd8cbb/openstreetmap_icon.png", "folder": 1, "sha1": "a3193c8bb265f825a09e175d2cf19ce6ed188825", "uploaded_at": "2016-10-13T10:31:05.341Z", "is_public": true, "description": null, "original_filename": "OpenStreetMap_Icon.png", "_file_size": 187910, "has_all_mandatory_data": false, "name": "", "polymorphic_ctype": ["filer", "image"]}, "model": "filer.file"}, {"pk": 2, "fields": {"modified_at": "2016-10-13T10:33:50.408Z", "owner": ["yogis"], "file": "filer_public/cc/93/cc930a9f-e7f3-4ed4-a9d7-37659ac806ba/qgis.png", "folder": 1, "sha1": "2b2b36c36483574483a8f22ceaa14793fb512512", "uploaded_at": "2016-10-13T10:33:50.408Z", "is_public": true, "description": null, "original_filename": "qgis.png", "_file_size": 177444, "has_all_mandatory_data": false, "name": "", "polymorphic_ctype": ["filer", "image"]}, "model": "filer.file"}, {"pk": 1, "fields": {"user": ["yogis"]}, "model": "filer.clipboard"}, {"pk": 1, "fields": {"_height": 512, "must_always_publish_copyright": false, "date_taken": "2016-10-13T10:31:04.978Z", "author": null, "_width": 512, "must_always_publish_author_credit": false, "default_caption": null, "default_alt_text": null, "subject_location": null}, "model": "filer.image"}, {"pk": 2, "fields": {"_height": 452, "must_always_publish_copyright": false, "date_taken": "2016-10-13T10:33:50.378Z", "author": null, "_width": 452, "must_always_publish_author_credit": false, "default_caption": null, "default_alt_text": null, "subject_location": null}, "model": "filer.image"}, {"pk": 1, "fields": {"object_id": "1", "object_repr": "Qgis", "content_type": ["website", "software"], "action_flag": 1, "change_message": "", "action_time": "2016-10-13T10:34:03.415Z", "user": ["yogis"]}, "model": "admin.logentry"}, {"pk": 2, "fields": {"object_id": "2", "object_repr": "Secteurs", "content_type": ["website", "section"], "action_flag": 2, "change_message": "Changed level and css_datacategory.", "action_time": "2016-10-13T15:13:26.930Z", "user": ["yogis"]}, "model": "admin.logentry"}, {"pk": 3, "fields": {"object_id": "2", "object_repr": "Secteurs", "content_type": ["website", "section"], "action_flag": 2, "change_message": "Changed css_datacategory.", "action_time": "2016-10-13T15:14:05.194Z", "user": ["yogis"]}, "model": "admin.logentry"}, {"pk": 4, "fields": {"object_id": "1", "object_repr": "Services", "content_type": ["website", "section"], "action_flag": 2, "change_message": "Changed level and css_datacategory.", "action_time": "2016-10-13T15:15:57.812Z", "user": ["yogis"]}, "model": "admin.logentry"}, {"pk": 5, "fields": {"object_id": "3", "object_repr": "Assistances", "content_type": ["website", "section"], "action_flag": 2, "change_message": "Changed nom_section, level, css_div_class and css_datacategory.", "action_time": "2016-10-13T15:19:29.822Z", "user": ["yogis"]}, "model": "admin.logentry"}, {"pk": 6, "fields": {"object_id": "4", "object_repr": "Blog", "content_type": ["website", "section"], "action_flag": 2, "change_message": "Changed level, css_div_class and css_datacategory.", "action_time": "2016-10-13T15:19:53.363Z", "user": ["yogis"]}, "model": "admin.logentry"}, {"pk": 7, "fields": {"object_id": "2", "object_repr": "Secteurs", "content_type": ["website", "section"], "action_flag": 2, "change_message": "Changed css_div_class.", "action_time": "2016-10-13T15:20:03.235Z", "user": ["yogis"]}, "model": "admin.logentry"}, {"pk": 8, "fields": {"object_id": "1", "object_repr": "Services", "content_type": ["website", "section"], "action_flag": 2, "change_message": "Changed css_div_class.", "action_time": "2016-10-13T15:20:10.160Z", "user": ["yogis"]}, "model": "admin.logentry"}, {"pk": 9, "fields": {"object_id": "4", "object_repr": "Blog", "content_type": ["website", "section"], "action_flag": 2, "change_message": "Changed css_datacategory.", "action_time": "2016-10-13T15:21:54.831Z", "user": ["yogis"]}, "model": "admin.logentry"}, {"pk": 10, "fields": {"object_id": "4", "object_repr": "Blog", "content_type": ["website", "section"], "action_flag": 2, "change_message": "Changed css_ahref_class.", "action_time": "2016-10-13T15:26:24.084Z", "user": ["yogis"]}, "model": "admin.logentry"}, {"pk": 11, "fields": {"object_id": "5", "object_repr": "SIG", "content_type": ["website", "service"], "action_flag": 2, "change_message": "Changed categorie_service.", "action_time": "2016-10-13T15:42:32.020Z", "user": ["yogis"]}, "model": "admin.logentry"}, {"pk": 12, "fields": {"object_id": "5", "object_repr": "SIG", "content_type": ["website", "service"], "action_flag": 2, "change_message": "Changed categorie_service.", "action_time": "2016-10-13T15:42:58.515Z", "user": ["yogis"]}, "model": "admin.logentry"}, {"pk": 13, "fields": {"object_id": "6", "object_repr": "T\u00e9l\u00e9d\u00e9tection", "content_type": ["website", "service"], "action_flag": 2, "change_message": "Changed categorie_service.", "action_time": "2016-10-13T15:43:22.980Z", "user": ["yogis"]}, "model": "admin.logentry"}, {"pk": 14, "fields": {"object_id": "3", "object_repr": "Maintenace", "content_type": ["website", "service"], "action_flag": 2, "change_message": "Changed categorie_service.", "action_time": "2016-10-13T15:43:31.872Z", "user": ["yogis"]}, "model": "admin.logentry"}, {"pk": 15, "fields": {"object_id": "7", "object_repr": "Programmation", "content_type": ["website", "service"], "action_flag": 2, "change_message": "Changed categorie_service.", "action_time": "2016-10-13T16:05:15.744Z", "user": ["yogis"]}, "model": "admin.logentry"}, {"pk": 16, "fields": {"object_id": "3", "object_repr": "Data", "content_type": ["website", "categorie"], "action_flag": 2, "change_message": "Changed level.", "action_time": "2016-10-13T16:07:05.401Z", "user": ["yogis"]}, "model": "admin.logentry"}, {"pk": 17, "fields": {"object_id": "2", "object_repr": "Outils", "content_type": ["website", "categorie"], "action_flag": 2, "change_message": "Changed level.", "action_time": "2016-10-13T16:07:12.483Z", "user": ["yogis"]}, "model": "admin.logentry"}, {"pk": 18, "fields": {"object_id": "1", "object_repr": "Accompagnement", "content_type": ["website", "categorie"], "action_flag": 2, "change_message": "Changed level.", "action_time": "2016-10-13T16:07:18.531Z", "user": ["yogis"]}, "model": "admin.logentry"}, {"pk": 19, "fields": {"object_id": "3", "object_repr": "Data", "content_type": ["website", "categorie"], "action_flag": 2, "change_message": "Changed level.", "action_time": "2016-10-13T16:07:40.908Z", "user": ["yogis"]}, "model": "admin.logentry"}, {"pk": 20, "fields": {"object_id": "3", "object_repr": "Assistances & support", "content_type": ["website", "section"], "action_flag": 2, "change_message": "Changed nom_section.", "action_time": "2016-10-13T16:38:03.067Z", "user": ["yogis"]}, "model": "admin.logentry"}, {"pk": 21, "fields": {"object_id": "11", "object_repr": "DataPack IGN", "content_type": ["website", "service"], "action_flag": 2, "change_message": "Changed categorie_service.", "action_time": "2016-10-13T17:16:10.072Z", "user": ["yogis"]}, "model": "admin.logentry"}, {"pk": 22, "fields": {"object_id": "10", "object_repr": "DataPack Open data", "content_type": ["website", "service"], "action_flag": 2, "change_message": "Changed categorie_service.", "action_time": "2016-10-13T17:17:11.528Z", "user": ["yogis"]}, "model": "admin.logentry"}, {"pk": 23, "fields": {"object_id": "10", "object_repr": "DataPack Open data", "content_type": ["website", "service"], "action_flag": 2, "change_message": "No fields changed.", "action_time": "2016-10-13T17:17:20.265Z", "user": ["yogis"]}, "model": "admin.logentry"}, {"pk": 24, "fields": {"object_id": "9", "object_repr": "Photogrammetrie", "content_type": ["website", "service"], "action_flag": 2, "change_message": "Changed categorie_service.", "action_time": "2016-10-13T17:19:46.699Z", "user": ["yogis"]}, "model": "admin.logentry"}, {"pk": 25, "fields": {"object_id": "8", "object_repr": "Analyse spatiale", "content_type": ["website", "service"], "action_flag": 2, "change_message": "Changed categorie_service.", "action_time": "2016-10-13T17:20:08.042Z", "user": ["yogis"]}, "model": "admin.logentry"}, {"pk": 26, "fields": {"object_id": "7", "object_repr": "Programmation", "content_type": ["website", "service"], "action_flag": 2, "change_message": "Changed categorie_service.", "action_time": "2016-10-13T17:20:14.601Z", "user": ["yogis"]}, "model": "admin.logentry"}, {"pk": 27, "fields": {"object_id": "4", "object_repr": "Cartographie sp\u00e9cialis\u00e9e", "content_type": ["website", "service"], "action_flag": 2, "change_message": "Changed categorie_service.", "action_time": "2016-10-13T17:20:23.316Z", "user": ["yogis"]}, "model": "admin.logentry"}, {"pk": 28, "fields": {"object_id": "2", "object_repr": "Conseil", "content_type": ["website", "service"], "action_flag": 2, "change_message": "Changed categorie_service.", "action_time": "2016-10-13T17:20:32.608Z", "user": ["yogis"]}, "model": "admin.logentry"}, {"pk": 29, "fields": {"object_id": "1", "object_repr": "Formation", "content_type": ["website", "service"], "action_flag": 2, "change_message": "Changed categorie_service.", "action_time": "2016-10-13T17:20:40.568Z", "user": ["yogis"]}, "model": "admin.logentry"}, {"pk": 30, "fields": {"object_id": "2", "object_repr": "Outils", "content_type": ["website", "categorie"], "action_flag": 2, "change_message": "Changed level.", "action_time": "2016-10-18T12:53:16.006Z", "user": ["yogis"]}, "model": "admin.logentry"}, {"pk": 31, "fields": {"object_id": "3", "object_repr": "Donn\u00e9es", "content_type": ["website", "categorie"], "action_flag": 2, "change_message": "Changed nom_categorie.", "action_time": "2016-10-18T12:56:04.865Z", "user": ["yogis"]}, "model": "admin.logentry"}, {"pk": 32, "fields": {"object_id": "2", "object_repr": "M\u00e9thodes et outils", "content_type": ["website", "categorie"], "action_flag": 2, "change_message": "Changed nom_categorie.", "action_time": "2016-10-18T12:57:10.651Z", "user": ["yogis"]}, "model": "admin.logentry"}, {"pk": 33, "fields": {"object_id": "6", "object_repr": "T\u00e9l\u00e9d\u00e9tection", "content_type": ["website", "service"], "action_flag": 2, "change_message": "Changed categorie_service.", "action_time": "2016-10-18T12:57:28.764Z", "user": ["yogis"]}, "model": "admin.logentry"}, {"pk": 34, "fields": {"object_id": "9", "object_repr": "Orthophoto", "content_type": ["website", "service"], "action_flag": 2, "change_message": "Changed nom_service.", "action_time": "2016-10-18T12:58:24.532Z", "user": ["yogis"]}, "model": "admin.logentry"}, {"pk": 35, "fields": {"object_id": "5", "object_repr": "SIG", "content_type": ["website", "service"], "action_flag": 2, "change_message": "Changed categorie_service.", "action_time": "2016-10-18T12:58:37.390Z", "user": ["yogis"]}, "model": "admin.logentry"}, {"pk": 36, "fields": {"object_id": "3", "object_repr": "Maintenace", "content_type": ["website", "service"], "action_flag": 2, "change_message": "Changed categorie_service.", "action_time": "2016-10-18T12:58:57.721Z", "user": ["yogis"]}, "model": "admin.logentry"}, {"pk": 37, "fields": {"object_id": "3", "object_repr": "Maintenance", "content_type": ["website", "service"], "action_flag": 2, "change_message": "Changed nom_service.", "action_time": "2016-10-18T12:59:06.000Z", "user": ["yogis"]}, "model": "admin.logentry"}, {"pk": 38, "fields": {"object_id": "5", "object_repr": "S.I.G.", "content_type": ["website", "service"], "action_flag": 2, "change_message": "Changed nom_service.", "action_time": "2016-10-18T13:01:45.023Z", "user": ["yogis"]}, "model": "admin.logentry"}, {"pk": 39, "fields": {"object_id": "12", "object_repr": "Catalogue", "content_type": ["website", "service"], "action_flag": 1, "change_message": "", "action_time": "2016-10-18T13:02:34.431Z", "user": ["yogis"]}, "model": "admin.logentry"}, {"pk": 40, "fields": {"object_id": "3", "object_repr": "Donn\u00e9es", "content_type": ["website", "categorie"], "action_flag": 2, "change_message": "Changed level.", "action_time": "2016-10-18T13:04:31.909Z", "user": ["yogis"]}, "model": "admin.logentry"}, {"pk": 41, "fields": {"object_id": "1", "object_repr": "Accompagnement", "content_type": ["website", "categorie"], "action_flag": 2, "change_message": "Changed level.", "action_time": "2016-10-18T13:04:45.697Z", "user": ["yogis"]}, "model": "admin.logentry"}, {"pk": 42, "fields": {"object_id": "2", "object_repr": "M\u00e9thodes et outils", "content_type": ["website", "categorie"], "action_flag": 2, "change_message": "Changed level.", "action_time": "2016-10-18T13:06:48.928Z", "user": ["yogis"]}, "model": "admin.logentry"}, {"pk": 43, "fields": {"object_id": "1", "object_repr": "Accompagnement", "content_type": ["website", "categorie"], "action_flag": 2, "change_message": "Changed level.", "action_time": "2016-10-18T13:06:57.808Z", "user": ["yogis"]}, "model": "admin.logentry"}, {"pk": 44, "fields": {"object_id": "13", "object_repr": "Lev\u00e9 terrain", "content_type": ["website", "service"], "action_flag": 1, "change_message": "", "action_time": "2016-10-18T13:09:23.550Z", "user": ["yogis"]}, "model": "admin.logentry"}, {"pk": 45, "fields": {"object_id": "5", "object_repr": "Collectivit\u00e9", "content_type": ["website", "secteur"], "action_flag": 1, "change_message": "", "action_time": "2016-10-18T13:09:59.463Z", "user": ["yogis"]}, "model": "admin.logentry"}, {"pk": 46, "fields": {"object_id": "6", "object_repr": "Tourisme", "content_type": ["website", "secteur"], "action_flag": 1, "change_message": "", "action_time": "2016-10-18T13:10:46.486Z", "user": ["yogis"]}, "model": "admin.logentry"}, {"pk": 47, "fields": {"object_id": "3", "object_repr": "Assistance & support", "content_type": ["website", "section"], "action_flag": 2, "change_message": "Changed nom_section.", "action_time": "2016-10-18T13:11:52.995Z", "user": ["yogis"]}, "model": "admin.logentry"}, {"pk": 48, "fields": {"object_id": "13", "object_repr": "Lev\u00e9 terrain", "content_type": ["website", "service"], "action_flag": 2, "change_message": "Changed css_icon.", "action_time": "2016-10-18T14:00:11.033Z", "user": ["yogis"]}, "model": "admin.logentry"}, {"pk": 49, "fields": {"object_id": "9", "object_repr": "Orthophoto", "content_type": ["website", "service"], "action_flag": 2, "change_message": "Changed css_icon.", "action_time": "2016-10-18T14:04:21.223Z", "user": ["yogis"]}, "model": "admin.logentry"}, {"pk": 50, "fields": {"object_id": "11", "object_repr": "DataPack IGN", "content_type": ["website", "service"], "action_flag": 2, "change_message": "Changed css_icon.", "action_time": "2016-10-18T14:05:15.155Z", "user": ["yogis"]}, "model": "admin.logentry"}, {"pk": 51, "fields": {"object_id": "10", "object_repr": "DataPack Open data", "content_type": ["website", "service"], "action_flag": 2, "change_message": "Changed css_icon.", "action_time": "2016-10-18T14:05:23.446Z", "user": ["yogis"]}, "model": "admin.logentry"}, {"pk": 52, "fields": {"object_id": "8", "object_repr": "Analyse spatiale", "content_type": ["website", "service"], "action_flag": 2, "change_message": "Changed css_icon.", "action_time": "2016-10-18T14:05:32.493Z", "user": ["yogis"]}, "model": "admin.logentry"}, {"pk": 53, "fields": {"object_id": "6", "object_repr": "T\u00e9l\u00e9d\u00e9tection", "content_type": ["website", "service"], "action_flag": 2, "change_message": "Changed css_icon.", "action_time": "2016-10-18T14:05:49.406Z", "user": ["yogis"]}, "model": "admin.logentry"}, {"pk": 54, "fields": {"object_id": "5", "object_repr": "S.I.G.", "content_type": ["website", "service"], "action_flag": 2, "change_message": "Changed css_icon.", "action_time": "2016-10-18T14:06:01.624Z", "user": ["yogis"]}, "model": "admin.logentry"}, {"pk": 55, "fields": {"object_id": "12", "object_repr": "Catalogue", "content_type": ["website", "service"], "action_flag": 2, "change_message": "Changed css_icon.", "action_time": "2016-10-18T14:06:52.625Z", "user": ["yogis"]}, "model": "admin.logentry"}, {"pk": 56, "fields": {"object_id": "1", "object_repr": "Formation", "content_type": ["website", "service"], "action_flag": 2, "change_message": "Changed css_icon.", "action_time": "2016-10-18T14:07:08.744Z", "user": ["yogis"]}, "model": "admin.logentry"}, {"pk": 57, "fields": {"object_id": "2", "object_repr": "Conseil", "content_type": ["website", "service"], "action_flag": 2, "change_message": "Changed css_icon.", "action_time": "2016-10-18T14:07:22.999Z", "user": ["yogis"]}, "model": "admin.logentry"}, {"pk": 58, "fields": {"object_id": "12", "object_repr": "Catalogue", "content_type": ["website", "service"], "action_flag": 2, "change_message": "Changed css_icon.", "action_time": "2016-10-18T14:08:05.587Z", "user": ["yogis"]}, "model": "admin.logentry"}, {"pk": 59, "fields": {"object_id": "3", "object_repr": "Maintenance", "content_type": ["website", "service"], "action_flag": 2, "change_message": "Changed css_icon.", "action_time": "2016-10-18T14:10:50.428Z", "user": ["yogis"]}, "model": "admin.logentry"}, {"pk": 60, "fields": {"object_id": "8", "object_repr": "Analyse spatiale", "content_type": ["website", "service"], "action_flag": 2, "change_message": "Changed css_icon.", "action_time": "2016-10-18T14:12:13.642Z", "user": ["yogis"]}, "model": "admin.logentry"}, {"pk": 61, "fields": {"object_id": "11", "object_repr": "DataPack", "content_type": ["website", "service"], "action_flag": 2, "change_message": "Changed nom_service.", "action_time": "2016-10-18T14:13:02.673Z", "user": ["yogis"]}, "model": "admin.logentry"}, {"pk": 62, "fields": {"object_id": "10", "object_repr": "DataPack Open data", "content_type": ["website", "service"], "action_flag": 3, "change_message": "", "action_time": "2016-10-18T14:13:13.333Z", "user": ["yogis"]}, "model": "admin.logentry"}, {"pk": 63, "fields": {"object_id": "7", "object_repr": "Programmation", "content_type": ["website", "service"], "action_flag": 2, "change_message": "Changed css_icon.", "action_time": "2016-10-18T14:13:50.072Z", "user": ["yogis"]}, "model": "admin.logentry"}, {"pk": 64, "fields": {"object_id": "1", "object_repr": "Formation", "content_type": ["website", "service"], "action_flag": 2, "change_message": "Changed css_icon.", "action_time": "2016-10-18T14:14:50.882Z", "user": ["yogis"]}, "model": "admin.logentry"}, {"pk": 65, "fields": {"object_id": "6", "object_repr": "T\u00e9l\u00e9d\u00e9tection", "content_type": ["website", "service"], "action_flag": 2, "change_message": "Changed css_icon.", "action_time": "2016-10-18T14:15:37.450Z", "user": ["yogis"]}, "model": "admin.logentry"}, {"pk": 66, "fields": {"object_id": "5", "object_repr": "S.I.G.", "content_type": ["website", "service"], "action_flag": 2, "change_message": "Changed css_icon.", "action_time": "2016-10-18T14:31:13.582Z", "user": ["yogis"]}, "model": "admin.logentry"}]