[
{
  "model": "filer.folder",
  "pk": 1,
  "fields": {
    "parent": null,
    "name": "qgis",
    "owner": [
      "yogis"
    ],
    "uploaded_at": "2016-10-28T14:47:34.390Z",
    "created_at": "2016-10-28T14:47:34.390Z",
    "modified_at": "2016-10-28T14:47:34.390Z",
    "lft": 1,
    "rght": 2,
    "tree_id": 1,
    "level": 0
  }
},
{
  "model": "filer.folder",
  "pk": 2,
  "fields": {
    "parent": null,
    "name": "personne",
    "owner": [
      "yogis"
    ],
    "uploaded_at": "2016-11-11T12:16:54.446Z",
    "created_at": "2016-11-11T12:16:54.446Z",
    "modified_at": "2016-11-11T12:16:54.446Z",
    "lft": 1,
    "rght": 2,
    "tree_id": 2,
    "level": 0
  }
},
{
  "model": "filer.folder",
  "pk": 3,
  "fields": {
    "parent": null,
    "name": "services",
    "owner": [
      "yogis"
    ],
    "uploaded_at": "2016-11-18T14:29:06.204Z",
    "created_at": "2016-11-18T14:29:06.204Z",
    "modified_at": "2016-11-18T14:29:06.204Z",
    "lft": 1,
    "rght": 2,
    "tree_id": 3,
    "level": 0
  }
},
{
  "model": "filer.folder",
  "pk": 4,
  "fields": {
    "parent": null,
    "name": "secteurs",
    "owner": [
      "yogis"
    ],
    "uploaded_at": "2016-11-22T08:15:00.377Z",
    "created_at": "2016-11-22T08:15:00.378Z",
    "modified_at": "2016-11-22T08:15:00.378Z",
    "lft": 1,
    "rght": 2,
    "tree_id": 4,
    "level": 0
  }
},
{
  "model": "filer.folder",
  "pk": 5,
  "fields": {
    "parent": null,
    "name": "references",
    "owner": [
      "yogis"
    ],
    "uploaded_at": "2017-03-25T16:11:43.639Z",
    "created_at": "2017-03-25T16:11:43.639Z",
    "modified_at": "2017-03-25T16:11:43.640Z",
    "lft": 1,
    "rght": 2,
    "tree_id": 5,
    "level": 0
  }
},
{
  "model": "filer.file",
  "pk": 8,
  "fields": {
    "polymorphic_ctype": [
      "filer",
      "image"
    ],
    "folder": null,
    "file": "filer_public/5d/97/5d970fdf-736d-4ce1-9d86-928d841eb0c0/avatar_sb2.jpg",
    "_file_size": 12314,
    "sha1": "0db5b49d1d7720c1f71e9139cd955ff0723ef115",
    "has_all_mandatory_data": false,
    "original_filename": "avatar SB2.jpg",
    "name": "",
    "description": null,
    "owner": [
      "yogis"
    ],
    "uploaded_at": "2016-11-13T14:09:15.041Z",
    "modified_at": "2016-11-13T14:09:15.041Z",
    "is_public": true
  }
},
{
  "model": "filer.file",
  "pk": 12,
  "fields": {
    "polymorphic_ctype": [
      "filer",
      "image"
    ],
    "folder": null,
    "file": "filer_public/1d/a7/1da726d8-f7cd-4b01-afc5-ca3029d7c103/ben.png",
    "_file_size": 71293,
    "sha1": "2930cba056721c67b3e2e4070766be4c68db1c81",
    "has_all_mandatory_data": false,
    "original_filename": "ben.png",
    "name": "",
    "description": "",
    "owner": [
      "yogis"
    ],
    "uploaded_at": "2016-11-13T14:25:45.038Z",
    "modified_at": "2016-11-13T14:26:12.457Z",
    "is_public": true
  }
},
{
  "model": "filer.file",
  "pk": 13,
  "fields": {
    "polymorphic_ctype": [
      "filer",
      "image"
    ],
    "folder": null,
    "file": "filer_public/9e/9b/9e9be3ec-518e-4509-a052-a2ba73e8221f/formation.jpg",
    "_file_size": 64196,
    "sha1": "8120244e6d24f136aef36bb4595f1c79670d4b76",
    "has_all_mandatory_data": false,
    "original_filename": "formation.jpg",
    "name": "",
    "description": null,
    "owner": [
      "yogis"
    ],
    "uploaded_at": "2016-11-15T16:28:26.904Z",
    "modified_at": "2016-11-15T16:28:26.904Z",
    "is_public": true
  }
},
{
  "model": "filer.file",
  "pk": 14,
  "fields": {
    "polymorphic_ctype": [
      "filer",
      "image"
    ],
    "folder": 2,
    "file": "filer_public/80/4e/804e1b64-bd3c-486b-8ab8-f9eef4eab653/team_claire.png",
    "_file_size": 1769192,
    "sha1": "c18a67a064a3c996b1b421807de4dc5363faa6e0",
    "has_all_mandatory_data": true,
    "original_filename": "team_claire.png",
    "name": "claire",
    "description": "",
    "owner": [
      "yogis"
    ],
    "uploaded_at": "2016-11-18T12:25:30.805Z",
    "modified_at": "2016-11-18T12:33:12.729Z",
    "is_public": true
  }
},
{
  "model": "filer.file",
  "pk": 18,
  "fields": {
    "polymorphic_ctype": [
      "filer",
      "image"
    ],
    "folder": 2,
    "file": "filer_public/18/22/18224fbf-fdb3-4d73-be10-a7e9a40301db/team_hugoroussaffa.jpg",
    "_file_size": 54874,
    "sha1": "37eb40aae6cbf24c7e8c2cad2a86b09e958f73ab",
    "has_all_mandatory_data": false,
    "original_filename": "team_hugoroussaffa.jpg",
    "name": "",
    "description": null,
    "owner": [
      "yogis"
    ],
    "uploaded_at": "2016-11-18T13:19:19.174Z",
    "modified_at": "2016-11-18T13:19:19.174Z",
    "is_public": true
  }
},
{
  "model": "filer.file",
  "pk": 19,
  "fields": {
    "polymorphic_ctype": [
      "filer",
      "image"
    ],
    "folder": 2,
    "file": "filer_public/74/89/74892ad6-6a60-4c53-b3fb-a27b9c1bb24d/team_hugoroussaffa.jpg",
    "_file_size": 78527,
    "sha1": "985ae8fe15021dae14ebfe9c305568beafa6d043",
    "has_all_mandatory_data": false,
    "original_filename": "team_hugoroussaffa.jpg",
    "name": "",
    "description": null,
    "owner": [
      "yogis"
    ],
    "uploaded_at": "2016-11-18T13:20:39.212Z",
    "modified_at": "2016-11-18T13:20:39.212Z",
    "is_public": true
  }
},
{
  "model": "filer.file",
  "pk": 20,
  "fields": {
    "polymorphic_ctype": [
      "filer",
      "image"
    ],
    "folder": null,
    "file": "filer_public/64/7d/647da05e-6741-414f-aea6-0d7509fc0e69/20151106_160113.jpg",
    "_file_size": 535616,
    "sha1": "85b27ee89dba91e55448d7675a482faf144f7ee5",
    "has_all_mandatory_data": false,
    "original_filename": "20151106_160113.jpg",
    "name": "",
    "description": "",
    "owner": [
      "yogis"
    ],
    "uploaded_at": "2016-11-18T13:52:47.962Z",
    "modified_at": "2016-11-18T14:27:52.629Z",
    "is_public": true
  }
},
{
  "model": "filer.file",
  "pk": 22,
  "fields": {
    "polymorphic_ctype": [
      "filer",
      "image"
    ],
    "folder": 4,
    "file": "filer_public/28/77/287790b9-561d-49a3-8bc4-5cae2bd90f0a/bois.jpg",
    "_file_size": 116300,
    "sha1": "970bfa99164bd9eaa46f5b5990c66c6383bb8271",
    "has_all_mandatory_data": false,
    "original_filename": "bois.jpg",
    "name": "",
    "description": null,
    "owner": [
      "yogis"
    ],
    "uploaded_at": "2016-11-22T08:15:12.130Z",
    "modified_at": "2016-11-22T08:15:12.130Z",
    "is_public": true
  }
},
{
  "model": "filer.file",
  "pk": 23,
  "fields": {
    "polymorphic_ctype": [
      "filer",
      "image"
    ],
    "folder": 4,
    "file": "filer_public/f0/3d/f03de804-c801-4b4b-9098-2da3e9034c43/bois-2.jpg",
    "_file_size": 46864,
    "sha1": "552e7e3d26d249af45690a1cb323430529bedb5d",
    "has_all_mandatory_data": false,
    "original_filename": "bois-2.jpg",
    "name": "",
    "description": null,
    "owner": [
      "yogis"
    ],
    "uploaded_at": "2016-11-22T08:48:41.502Z",
    "modified_at": "2016-11-22T08:48:41.502Z",
    "is_public": true
  }
},
{
  "model": "filer.file",
  "pk": 24,
  "fields": {
    "polymorphic_ctype": [
      "filer",
      "image"
    ],
    "folder": null,
    "file": "filer_public/14/1c/141c5e81-4006-4daa-875a-4c53372bb4c9/silhouette.jpeg",
    "_file_size": 4178,
    "sha1": "959b47702de430a4e8bfe9c092ed4090340d2df0",
    "has_all_mandatory_data": false,
    "original_filename": "silhouette.jpeg",
    "name": "",
    "description": null,
    "owner": [
      "yogis"
    ],
    "uploaded_at": "2016-12-14T13:20:56.613Z",
    "modified_at": "2016-12-14T13:20:56.614Z",
    "is_public": true
  }
},
{
  "model": "filer.file",
  "pk": 25,
  "fields": {
    "polymorphic_ctype": [
      "filer",
      "image"
    ],
    "folder": null,
    "file": "filer_public/c4/a8/c4a8a368-60b2-4578-96d4-ccb7e8a20a21/plandeville.jpg",
    "_file_size": 32758,
    "sha1": "ec5b32194bd3ce9623a0393da4081f1dcf2be5a5",
    "has_all_mandatory_data": false,
    "original_filename": "plandeville.JPG",
    "name": "",
    "description": null,
    "owner": [
      "yogis"
    ],
    "uploaded_at": "2017-03-25T16:23:54.123Z",
    "modified_at": "2017-03-25T16:23:54.124Z",
    "is_public": true
  }
},
{
  "model": "filer.file",
  "pk": 26,
  "fields": {
    "polymorphic_ctype": [
      "filer",
      "image"
    ],
    "folder": null,
    "file": "filer_public/d2/79/d279ab3b-3707-4b1a-9c49-340b05829268/carte_choroplete.jpg",
    "_file_size": 105725,
    "sha1": "4ec47a3d106115ee449c18c9a472de25cd21cb9d",
    "has_all_mandatory_data": false,
    "original_filename": "carte_choropl\u00e8te.JPG",
    "name": "",
    "description": null,
    "owner": [
      "yogis"
    ],
    "uploaded_at": "2017-03-25T16:27:20.164Z",
    "modified_at": "2017-03-25T16:27:20.164Z",
    "is_public": true
  }
},
{
  "model": "filer.file",
  "pk": 27,
  "fields": {
    "polymorphic_ctype": [
      "filer",
      "image"
    ],
    "folder": null,
    "file": "filer_public/cb/2d/cb2d0450-913b-4619-a11c-eef43f5d2eef/carte_choroplete.jpg",
    "_file_size": 105725,
    "sha1": "4ec47a3d106115ee449c18c9a472de25cd21cb9d",
    "has_all_mandatory_data": false,
    "original_filename": "carte_choropl\u00e8te.JPG",
    "name": "",
    "description": null,
    "owner": [
      "yogis"
    ],
    "uploaded_at": "2017-03-25T16:28:49.824Z",
    "modified_at": "2017-03-25T16:28:49.824Z",
    "is_public": true
  }
},
{
  "model": "filer.file",
  "pk": 28,
  "fields": {
    "polymorphic_ctype": [
      "filer",
      "image"
    ],
    "folder": null,
    "file": "filer_public/d7/8d/d78da02a-33dd-4b6a-ab3e-80e081cad49b/carte_stat.jpg",
    "_file_size": 61019,
    "sha1": "5ed52abcd8a48a76ef4055a587442d6465888119",
    "has_all_mandatory_data": false,
    "original_filename": "carte_stat.JPG",
    "name": "",
    "description": null,
    "owner": [
      "yogis"
    ],
    "uploaded_at": "2017-03-25T16:39:24.949Z",
    "modified_at": "2017-03-25T16:39:24.950Z",
    "is_public": true
  }
},
{
  "model": "filer.file",
  "pk": 29,
  "fields": {
    "polymorphic_ctype": [
      "filer",
      "image"
    ],
    "folder": null,
    "file": "filer_public/e4/17/e417026f-d7b1-4d15-b253-879ad6917e93/carte_choroplete.jpg",
    "_file_size": 32772,
    "sha1": "729e0748c9b47ef9f36855b0a28f016a9da0ac5e",
    "has_all_mandatory_data": false,
    "original_filename": "carte_choropl\u00e8te.JPG",
    "name": "",
    "description": null,
    "owner": [
      "yogis"
    ],
    "uploaded_at": "2017-03-25T16:51:22.611Z",
    "modified_at": "2017-03-25T16:51:22.612Z",
    "is_public": true
  }
},
{
  "model": "filer.file",
  "pk": 30,
  "fields": {
    "polymorphic_ctype": [
      "filer",
      "image"
    ],
    "folder": null,
    "file": "filer_public/82/12/8212996c-9766-4d7a-8683-106f0d95f68a/poi.jpg",
    "_file_size": 46088,
    "sha1": "e3af83464530ecd0705bf9c3c4fdccdd470f9f87",
    "has_all_mandatory_data": false,
    "original_filename": "poi.JPG",
    "name": "",
    "description": null,
    "owner": [
      "yogis"
    ],
    "uploaded_at": "2017-03-25T19:33:22.834Z",
    "modified_at": "2017-03-25T19:33:22.835Z",
    "is_public": true
  }
},
{
  "model": "filer.file",
  "pk": 31,
  "fields": {
    "polymorphic_ctype": [
      "filer",
      "image"
    ],
    "folder": null,
    "file": "filer_public/13/c7/13c7dd43-7447-4ebd-b4c0-82ee8f38e5b3/edition.jpg",
    "_file_size": 38794,
    "sha1": "be7d7dc75ff832cfaea8008f2b1d6864d9b025b7",
    "has_all_mandatory_data": false,
    "original_filename": "edition.JPG",
    "name": "",
    "description": "",
    "owner": [
      "yogis"
    ],
    "uploaded_at": "2017-03-25T19:34:51.721Z",
    "modified_at": "2017-03-25T19:36:48.065Z",
    "is_public": true
  }
},
{
  "model": "filer.file",
  "pk": 32,
  "fields": {
    "polymorphic_ctype": [
      "filer",
      "image"
    ],
    "folder": 4,
    "file": "filer_public/1e/77/1e77becf-6a92-484d-a5ab-014c603a811e/forest.jpg",
    "_file_size": 73239,
    "sha1": "38d1c46f3c7487739db3b33e4da067c640aa5b13",
    "has_all_mandatory_data": false,
    "original_filename": "forest.jpg",
    "name": "",
    "description": null,
    "owner": [
      "yogis"
    ],
    "uploaded_at": "2017-09-11T09:34:46.919Z",
    "modified_at": "2017-09-11T09:34:46.919Z",
    "is_public": true
  }
},
{
  "model": "filer.file",
  "pk": 33,
  "fields": {
    "polymorphic_ctype": [
      "filer",
      "image"
    ],
    "folder": 3,
    "file": "filer_public/83/5b/835bf62f-4a33-433c-b510-5362791d454e/sig.jpg",
    "_file_size": 112118,
    "sha1": "fb7ec37d07685d4734c21a21695e2bb6533076ae",
    "has_all_mandatory_data": false,
    "original_filename": "sig.jpg",
    "name": "",
    "description": "",
    "owner": [
      "yogis"
    ],
    "uploaded_at": "2017-09-11T10:13:54.313Z",
    "modified_at": "2017-09-11T10:27:18.827Z",
    "is_public": true
  }
},
{
  "model": "filer.file",
  "pk": 34,
  "fields": {
    "polymorphic_ctype": [
      "filer",
      "image"
    ],
    "folder": 3,
    "file": "filer_public/bd/73/bd733156-f0d7-4df1-bc87-8faf67a69538/data_mainpage.jpg",
    "_file_size": 35875,
    "sha1": "8fed3f5f4b323d7fab0e189cd5436f0f1d407fc1",
    "has_all_mandatory_data": false,
    "original_filename": "data_mainpage.jpg",
    "name": "",
    "description": null,
    "owner": [
      "yogis"
    ],
    "uploaded_at": "2017-09-11T10:32:14.376Z",
    "modified_at": "2017-09-11T10:32:14.376Z",
    "is_public": true
  }
},
{
  "model": "filer.file",
  "pk": 37,
  "fields": {
    "polymorphic_ctype": [
      "filer",
      "file"
    ],
    "folder": 5,
    "file": "filer_public/fa/91/fa919d39-4f2f-44e4-8906-187e818e6dee/cogit.xml",
    "_file_size": 132712,
    "sha1": "75e11cac6af6051772f8bdfa16813a3031ac7d83",
    "has_all_mandatory_data": false,
    "original_filename": "cogit.xml",
    "name": "",
    "description": null,
    "owner": [
      "yogis"
    ],
    "uploaded_at": "2017-09-11T14:40:29.913Z",
    "modified_at": "2017-09-11T14:40:29.913Z",
    "is_public": true
  }
},
{
  "model": "filer.file",
  "pk": 38,
  "fields": {
    "polymorphic_ctype": [
      "filer",
      "file"
    ],
    "folder": 5,
    "file": "filer_public/8a/c5/8ac50327-8935-43f8-8cc6-9320de735a31/province.xml",
    "_file_size": 19511,
    "sha1": "f5478f167b88588918a95e36e14f9f705347cf82",
    "has_all_mandatory_data": false,
    "original_filename": "province.xml",
    "name": "",
    "description": null,
    "owner": [
      "yogis"
    ],
    "uploaded_at": "2017-09-11T14:40:44.088Z",
    "modified_at": "2017-09-11T14:40:44.088Z",
    "is_public": true
  }
},
{
  "model": "filer.file",
  "pk": 39,
  "fields": {
    "polymorphic_ctype": [
      "filer",
      "file"
    ],
    "folder": 5,
    "file": "filer_public/54/73/54736a08-6e4a-4f64-adb2-23942dc2dd89/pinail.xml",
    "_file_size": 11630,
    "sha1": "d80944801fedd2a0e662f4658ed899e43af026ff",
    "has_all_mandatory_data": false,
    "original_filename": "pinail.xml",
    "name": "",
    "description": null,
    "owner": [
      "yogis"
    ],
    "uploaded_at": "2017-09-11T15:07:53.315Z",
    "modified_at": "2017-09-11T15:07:53.315Z",
    "is_public": true
  }
},
{
  "model": "filer.file",
  "pk": 40,
  "fields": {
    "polymorphic_ctype": [
      "filer",
      "file"
    ],
    "folder": 5,
    "file": "filer_public/e7/d5/e7d5dbb8-7902-4b7c-aa5a-de928679cfb9/ffi.xml",
    "_file_size": 19674,
    "sha1": "9610ddeea80b2568b0c5d1f01ddcc6b99aa5937d",
    "has_all_mandatory_data": false,
    "original_filename": "ffi.xml",
    "name": "",
    "description": null,
    "owner": [
      "yogis"
    ],
    "uploaded_at": "2017-09-11T15:09:01.982Z",
    "modified_at": "2017-09-11T15:09:01.982Z",
    "is_public": true
  }
},
{
  "model": "filer.file",
  "pk": 41,
  "fields": {
    "polymorphic_ctype": [
      "filer",
      "file"
    ],
    "folder": 5,
    "file": "filer_public/93/ae/93ae0e44-ec23-4519-96aa-8d980537189f/cartong.xml",
    "_file_size": 7439,
    "sha1": "5fcdf9dff2de51936e54b9d51d80c31fbce7deda",
    "has_all_mandatory_data": false,
    "original_filename": "cartong.xml",
    "name": "",
    "description": null,
    "owner": [
      "yogis"
    ],
    "uploaded_at": "2017-09-11T15:09:09.722Z",
    "modified_at": "2017-09-11T15:09:09.722Z",
    "is_public": true
  }
},
{
  "model": "filer.file",
  "pk": 42,
  "fields": {
    "polymorphic_ctype": [
      "filer",
      "image"
    ],
    "folder": null,
    "file": "filer_public/ea/12/ea126b11-d64a-4a09-ba11-cf3c50dd446e/datamaps.jpg",
    "_file_size": 38472,
    "sha1": "d8f6aa750ae38f110e267761722c0caa2d236ce2",
    "has_all_mandatory_data": false,
    "original_filename": "datamaps.jpg",
    "name": "",
    "description": null,
    "owner": [
      "yogis"
    ],
    "uploaded_at": "2017-09-12T07:59:35.734Z",
    "modified_at": "2017-09-12T07:59:35.734Z",
    "is_public": true
  }
},
{
  "model": "filer.file",
  "pk": 43,
  "fields": {
    "polymorphic_ctype": [
      "filer",
      "file"
    ],
    "folder": 5,
    "file": "filer_public/f3/3c/f33c3a9e-90c5-4afd-9aba-45f79224779b/arbre_bois_conseil.svg",
    "_file_size": 17313,
    "sha1": "df6da09df0932605c8ed92adceb5739b87368a67",
    "has_all_mandatory_data": false,
    "original_filename": "arbre_bois_conseil.svg",
    "name": "",
    "description": null,
    "owner": [
      "yogis"
    ],
    "uploaded_at": "2017-09-12T08:57:11.650Z",
    "modified_at": "2017-09-12T08:57:11.650Z",
    "is_public": true
  }
},
{
  "model": "filer.file",
  "pk": 44,
  "fields": {
    "polymorphic_ctype": [
      "filer",
      "file"
    ],
    "folder": 5,
    "file": "filer_public/44/c9/44c9da8e-22b7-4822-8cf4-91d8391c5a2a/amenis.svg",
    "_file_size": 9610,
    "sha1": "04f176078a1438380fd152a2c3698ae27ed434e2",
    "has_all_mandatory_data": false,
    "original_filename": "amenis.svg",
    "name": "",
    "description": null,
    "owner": [
      "yogis"
    ],
    "uploaded_at": "2017-09-12T09:35:45.769Z",
    "modified_at": "2017-09-12T09:35:45.769Z",
    "is_public": true
  }
},
{
  "model": "filer.file",
  "pk": 45,
  "fields": {
    "polymorphic_ctype": [
      "filer",
      "file"
    ],
    "folder": null,
    "file": "filer_public/c1/cc/c1ccfe20-d157-4e7f-8e26-7835cd5b9920/vertego.svg",
    "_file_size": 7779,
    "sha1": "da6b6870c7972fe6ac627609f2354949d619d715",
    "has_all_mandatory_data": false,
    "original_filename": "vertego.svg",
    "name": "",
    "description": null,
    "owner": [
      "yogis"
    ],
    "uploaded_at": "2017-09-12T09:50:02.670Z",
    "modified_at": "2017-09-12T09:50:02.670Z",
    "is_public": true
  }
},
{
  "model": "filer.file",
  "pk": 47,
  "fields": {
    "polymorphic_ctype": [
      "filer",
      "file"
    ],
    "folder": 3,
    "file": "filer_public/fd/f2/fdf29f97-f2e1-4e7a-8c6d-d913fcfb4c4d/sig.webp",
    "_file_size": 75758,
    "sha1": "320d428fed564217e329b1d540d82ce0699d02c8",
    "has_all_mandatory_data": false,
    "original_filename": "sig.webp",
    "name": "",
    "description": null,
    "owner": [
      "yogis"
    ],
    "uploaded_at": "2017-09-15T13:18:20.945Z",
    "modified_at": "2017-09-15T13:18:20.945Z",
    "is_public": true
  }
},
{
  "model": "filer.clipboard",
  "pk": 1,
  "fields": {
    "user": [
      "yogis"
    ]
  }
},
{
  "model": "filer.image",
  "pk": 8,
  "fields": {
    "_height": 390,
    "_width": 344,
    "default_alt_text": null,
    "default_caption": null,
    "subject_location": "",
    "date_taken": "2016-11-13T14:09:14.796Z",
    "author": null,
    "must_always_publish_author_credit": false,
    "must_always_publish_copyright": false
  }
},
{
  "model": "filer.image",
  "pk": 12,
  "fields": {
    "_height": 153,
    "_width": 252,
    "default_alt_text": "",
    "default_caption": "",
    "subject_location": "142,65",
    "date_taken": "2016-11-13T14:25:45.026Z",
    "author": "",
    "must_always_publish_author_credit": false,
    "must_always_publish_copyright": false
  }
},
{
  "model": "filer.image",
  "pk": 13,
  "fields": {
    "_height": 1280,
    "_width": 1920,
    "default_alt_text": null,
    "default_caption": null,
    "subject_location": "",
    "date_taken": "2016-11-15T16:28:26.621Z",
    "author": null,
    "must_always_publish_author_credit": false,
    "must_always_publish_copyright": false
  }
},
{
  "model": "filer.image",
  "pk": 14,
  "fields": {
    "_height": 1187,
    "_width": 1178,
    "default_alt_text": "",
    "default_caption": "",
    "subject_location": "623,471",
    "date_taken": "2016-11-18T12:25:30.701Z",
    "author": "",
    "must_always_publish_author_credit": false,
    "must_always_publish_copyright": false
  }
},
{
  "model": "filer.image",
  "pk": 18,
  "fields": {
    "_height": 363,
    "_width": 309,
    "default_alt_text": null,
    "default_caption": null,
    "subject_location": "",
    "date_taken": "2016-11-18T13:19:19.169Z",
    "author": null,
    "must_always_publish_author_credit": false,
    "must_always_publish_copyright": false
  }
},
{
  "model": "filer.image",
  "pk": 19,
  "fields": {
    "_height": 483,
    "_width": 378,
    "default_alt_text": null,
    "default_caption": null,
    "subject_location": "",
    "date_taken": "2016-11-18T13:20:39.207Z",
    "author": null,
    "must_always_publish_author_credit": false,
    "must_always_publish_copyright": false
  }
},
{
  "model": "filer.image",
  "pk": 20,
  "fields": {
    "_height": 1536,
    "_width": 2560,
    "default_alt_text": "",
    "default_caption": "",
    "subject_location": "268,439",
    "date_taken": "2016-11-18T13:52:47.949Z",
    "author": "",
    "must_always_publish_author_credit": false,
    "must_always_publish_copyright": false
  }
},
{
  "model": "filer.image",
  "pk": 22,
  "fields": {
    "_height": 453,
    "_width": 768,
    "default_alt_text": null,
    "default_caption": null,
    "subject_location": "",
    "date_taken": "2016-11-22T08:15:11.942Z",
    "author": null,
    "must_always_publish_author_credit": false,
    "must_always_publish_copyright": false
  }
},
{
  "model": "filer.image",
  "pk": 23,
  "fields": {
    "_height": 440,
    "_width": 680,
    "default_alt_text": null,
    "default_caption": null,
    "subject_location": "",
    "date_taken": "2016-11-22T08:48:41.465Z",
    "author": null,
    "must_always_publish_author_credit": false,
    "must_always_publish_copyright": false
  }
},
{
  "model": "filer.image",
  "pk": 24,
  "fields": {
    "_height": 300,
    "_width": 274,
    "default_alt_text": null,
    "default_caption": null,
    "subject_location": "",
    "date_taken": "2016-12-14T13:20:56.442Z",
    "author": null,
    "must_always_publish_author_credit": false,
    "must_always_publish_copyright": false
  }
},
{
  "model": "filer.image",
  "pk": 25,
  "fields": {
    "_height": 340,
    "_width": 269,
    "default_alt_text": null,
    "default_caption": null,
    "subject_location": "",
    "date_taken": "2017-03-25T16:23:53.968Z",
    "author": null,
    "must_always_publish_author_credit": false,
    "must_always_publish_copyright": false
  }
},
{
  "model": "filer.image",
  "pk": 26,
  "fields": {
    "_height": 639,
    "_width": 744,
    "default_alt_text": null,
    "default_caption": null,
    "subject_location": "",
    "date_taken": "2017-03-25T16:27:20.130Z",
    "author": null,
    "must_always_publish_author_credit": false,
    "must_always_publish_copyright": false
  }
},
{
  "model": "filer.image",
  "pk": 27,
  "fields": {
    "_height": 639,
    "_width": 744,
    "default_alt_text": null,
    "default_caption": null,
    "subject_location": "",
    "date_taken": "2017-03-25T16:28:49.797Z",
    "author": null,
    "must_always_publish_author_credit": false,
    "must_always_publish_copyright": false
  }
},
{
  "model": "filer.image",
  "pk": 28,
  "fields": {
    "_height": 648,
    "_width": 479,
    "default_alt_text": null,
    "default_caption": null,
    "subject_location": "",
    "date_taken": "2017-03-25T16:39:24.922Z",
    "author": null,
    "must_always_publish_author_credit": false,
    "must_always_publish_copyright": false
  }
},
{
  "model": "filer.image",
  "pk": 29,
  "fields": {
    "_height": 398,
    "_width": 373,
    "default_alt_text": null,
    "default_caption": null,
    "subject_location": "",
    "date_taken": "2017-03-25T16:51:22.579Z",
    "author": null,
    "must_always_publish_author_credit": false,
    "must_always_publish_copyright": false
  }
},
{
  "model": "filer.image",
  "pk": 30,
  "fields": {
    "_height": 560,
    "_width": 535,
    "default_alt_text": null,
    "default_caption": null,
    "subject_location": "",
    "date_taken": "2017-03-25T19:33:22.809Z",
    "author": null,
    "must_always_publish_author_credit": false,
    "must_always_publish_copyright": false
  }
},
{
  "model": "filer.image",
  "pk": 31,
  "fields": {
    "_height": 292,
    "_width": 449,
    "default_alt_text": "",
    "default_caption": "",
    "subject_location": "269,150",
    "date_taken": "2017-03-25T19:34:51.693Z",
    "author": "",
    "must_always_publish_author_credit": false,
    "must_always_publish_copyright": false
  }
},
{
  "model": "filer.image",
  "pk": 32,
  "fields": {
    "_height": 749,
    "_width": 500,
    "default_alt_text": null,
    "default_caption": null,
    "subject_location": "",
    "date_taken": "2017-09-11T09:34:46.852Z",
    "author": null,
    "must_always_publish_author_credit": false,
    "must_always_publish_copyright": false
  }
},
{
  "model": "filer.image",
  "pk": 33,
  "fields": {
    "_height": 450,
    "_width": 800,
    "default_alt_text": "",
    "default_caption": "",
    "subject_location": "217,114",
    "date_taken": "2017-09-11T10:13:54.282Z",
    "author": "",
    "must_always_publish_author_credit": false,
    "must_always_publish_copyright": false
  }
},
{
  "model": "filer.image",
  "pk": 34,
  "fields": {
    "_height": 354,
    "_width": 370,
    "default_alt_text": null,
    "default_caption": null,
    "subject_location": "",
    "date_taken": "2017-09-11T10:32:14.333Z",
    "author": null,
    "must_always_publish_author_credit": false,
    "must_always_publish_copyright": false
  }
},
{
  "model": "filer.image",
  "pk": 42,
  "fields": {
    "_height": 523,
    "_width": 300,
    "default_alt_text": null,
    "default_caption": null,
    "subject_location": "",
    "date_taken": "2017-09-12T07:59:35.468Z",
    "author": null,
    "must_always_publish_author_credit": false,
    "must_always_publish_copyright": false
  }
},
{
  "model": "filer.thumbnailoption",
  "pk": 1,
  "fields": {
    "name": "service-top",
    "width": 1920,
    "height": 530,
    "crop": true,
    "upscale": true
  }
}
]
